backend,variant,seed,parameter_count,training_steps,training_tokens,final_bpb,tokens_per_second,wall_seconds,source_commit,megatron_commit,backend_profile,optimization_recipe,source_dirty,source_diff_sha256,source_worktree_sha256,steady_state_tokens_per_second,median_step_seconds,p90_step_seconds
megatron,attnres,42,9364709,286,112459776,1.4983279819981155,1595242.6204515921,636.8140490549849,f8bc91df1aa10a2e4fd193cb9acdc4df3cdba975,55ac7082517c3878ae653c07c09c534b8aed49f6,compile-max-autotune,baseline,False,e3b0c44298fc1c149afbf4c8996fb92427ae41e4649b934ca495991b7852b855,33c2da2f369cc6a117055a71d327f41de48fe448131a6a62c936189bf2d3e4c3,1618808.0385347123,0.2429046499892138,0.2612676239805296
megatron,attnres,43,9364709,286,112459776,1.500250240389034,1343642.0454994906,711.286808207049,f8bc91df1aa10a2e4fd193cb9acdc4df3cdba975,55ac7082517c3878ae653c07c09c534b8aed49f6,compile-max-autotune,baseline,False,e3b0c44298fc1c149afbf4c8996fb92427ae41e4649b934ca495991b7852b855,33c2da2f369cc6a117055a71d327f41de48fe448131a6a62c936189bf2d3e4c3,1370008.2940743275,0.28701724048005417,0.3101597019704059
megatron,attnres,44,9364709,286,112459776,1.5002158112945656,1598763.3328123214,658.9715772400377,f8bc91df1aa10a2e4fd193cb9acdc4df3cdba975,55ac7082517c3878ae653c07c09c534b8aed49f6,compile-max-autotune,baseline,False,e3b0c44298fc1c149afbf4c8996fb92427ae41e4649b934ca495991b7852b855,33c2da2f369cc6a117055a71d327f41de48fe448131a6a62c936189bf2d3e4c3,1629383.3761985793,0.24132810346782207,0.2613496669800952
megatron,baseline,42,9363488,286,112459776,1.543517252387204,1591525.7580571,548.8612618909683,f8bc91df1aa10a2e4fd193cb9acdc4df3cdba975,55ac7082517c3878ae653c07c09c534b8aed49f6,compile-max-autotune,baseline,False,e3b0c44298fc1c149afbf4c8996fb92427ae41e4649b934ca495991b7852b855,33c2da2f369cc6a117055a71d327f41de48fe448131a6a62c936189bf2d3e4c3,1640425.4471786004,0.23970366996945813,0.2537656689528376
megatron,baseline,43,9363488,286,112459776,1.5459216938026044,1422399.73490639,590.6808670449536,f8bc91df1aa10a2e4fd193cb9acdc4df3cdba975,55ac7082517c3878ae653c07c09c534b8aed49f6,compile-max-autotune,baseline,False,e3b0c44298fc1c149afbf4c8996fb92427ae41e4649b934ca495991b7852b855,33c2da2f369cc6a117055a71d327f41de48fe448131a6a62c936189bf2d3e4c3,1464004.5888721482,0.26858932204777375,0.2868815449764952
megatron,baseline,44,9363488,286,112459776,1.5538351574894043,1573986.2703242353,561.4690445269225,f8bc91df1aa10a2e4fd193cb9acdc4df3cdba975,55ac7082517c3878ae653c07c09c534b8aed49f6,compile-max-autotune,baseline,False,e3b0c44298fc1c149afbf4c8996fb92427ae41e4649b934ca495991b7852b855,33c2da2f369cc6a117055a71d327f41de48fe448131a6a62c936189bf2d3e4c3,1624368.6693809538,0.24207312503131106,0.2602835049619898
megatron,dsa,42,9391248,287,112852992,1.6291848580971764,205327.63651664046,1404.184558078996,f8bc91df1aa10a2e4fd193cb9acdc4df3cdba975,55ac7082517c3878ae653c07c09c534b8aed49f6,compile-max-autotune,baseline,False,e3b0c44298fc1c149afbf4c8996fb92427ae41e4649b934ca495991b7852b855,33c2da2f369cc6a117055a71d327f41de48fe448131a6a62c936189bf2d3e4c3,759338.979702769,0.5178398719290271,0.5312375259818509
megatron,dsa,43,9391248,287,112852992,1.627916339904579,174977.90651333064,1588.4740913020214,f8bc91df1aa10a2e4fd193cb9acdc4df3cdba975,55ac7082517c3878ae653c07c09c534b8aed49f6,compile-max-autotune,baseline,False,e3b0c44298fc1c149afbf4c8996fb92427ae41e4649b934ca495991b7852b855,33c2da2f369cc6a117055a71d327f41de48fe448131a6a62c936189bf2d3e4c3,722086.0684353097,0.544555583037436,0.5587113980436698
megatron,dsa,44,9391248,287,112852992,1.6239675331266454,205503.57631249694,1413.8503834150033,f8bc91df1aa10a2e4fd193cb9acdc4df3cdba975,55ac7082517c3878ae653c07c09c534b8aed49f6,compile-max-autotune,baseline,False,e3b0c44298fc1c149afbf4c8996fb92427ae41e4649b934ca495991b7852b855,33c2da2f369cc6a117055a71d327f41de48fe448131a6a62c936189bf2d3e4c3,759657.4991879847,0.5176227450137958,0.5309734370093793
megatron,engram,42,10284800,314,123469824,1.4881243255557528,1602932.1795890767,604.692142390064,f8bc91df1aa10a2e4fd193cb9acdc4df3cdba975,55ac7082517c3878ae653c07c09c534b8aed49f6,compile-max-autotune,baseline,False,e3b0c44298fc1c149afbf4c8996fb92427ae41e4649b934ca495991b7852b855,33c2da2f369cc6a117055a71d327f41de48fe448131a6a62c936189bf2d3e4c3,1627288.854489694,0.2416387225384824,0.25802401604596525
megatron,engram,43,10284800,314,123469824,1.4910038461851844,1407713.461579805,641.7518602189375,f8bc91df1aa10a2e4fd193cb9acdc4df3cdba975,55ac7082517c3878ae653c07c09c534b8aed49f6,compile-max-autotune,baseline,False,e3b0c44298fc1c149afbf4c8996fb92427ae41e4649b934ca495991b7852b855,33c2da2f369cc6a117055a71d327f41de48fe448131a6a62c936189bf2d3e4c3,1427712.0431587787,0.27541688247583807,0.29663925897330046
megatron,engram,44,10284800,314,123469824,1.4903551407557194,1640056.5231311603,590.784034686978,f8bc91df1aa10a2e4fd193cb9acdc4df3cdba975,55ac7082517c3878ae653c07c09c534b8aed49f6,compile-max-autotune,baseline,False,e3b0c44298fc1c149afbf4c8996fb92427ae41e4649b934ca495991b7852b855,33c2da2f369cc6a117055a71d327f41de48fe448131a6a62c936189bf2d3e4c3,1663603.4858107609,0.23636401543626562,0.2498777499422431
megatron,gated-attention,42,9365448,286,112459776,1.5344236449391508,1653891.1768270498,544.9906189610483,f8bc91df1aa10a2e4fd193cb9acdc4df3cdba975,55ac7082517c3878ae653c07c09c534b8aed49f6,compile-max-autotune,baseline,False,e3b0c44298fc1c149afbf4c8996fb92427ae41e4649b934ca495991b7852b855,33c2da2f369cc6a117055a71d327f41de48fe448131a6a62c936189bf2d3e4c3,1685982.1862297398,0.233226663491223,0.25363747403025627
megatron,gated-attention,43,9365448,286,112459776,1.5480600813096563,1395849.706397791,627.2043641909258,f8bc91df1aa10a2e4fd193cb9acdc4df3cdba975,55ac7082517c3878ae653c07c09c534b8aed49f6,compile-max-autotune,baseline,False,e3b0c44298fc1c149afbf4c8996fb92427ae41e4649b934ca495991b7852b855,33c2da2f369cc6a117055a71d327f41de48fe448131a6a62c936189bf2d3e4c3,1417926.734512614,0.27731757250148803,0.2970089709851891
megatron,gated-attention,44,9365448,286,112459776,1.5385327282216898,1673427.7851040103,574.0503187209833,f8bc91df1aa10a2e4fd193cb9acdc4df3cdba975,55ac7082517c3878ae653c07c09c534b8aed49f6,compile-max-autotune,baseline,False,e3b0c44298fc1c149afbf4c8996fb92427ae41e4649b934ca495991b7852b855,33c2da2f369cc6a117055a71d327f41de48fe448131a6a62c936189bf2d3e4c3,1696149.3373137272,0.23182864347472787,0.24503381305839866
megatron,glm-mla,42,9394848,287,112852992,1.5409209244797681,1643826.1353874127,554.6137357309926,f8bc91df1aa10a2e4fd193cb9acdc4df3cdba975,55ac7082517c3878ae653c07c09c534b8aed49f6,compile-max-autotune,baseline,False,e3b0c44298fc1c149afbf4c8996fb92427ae41e4649b934ca495991b7852b855,33c2da2f369cc6a117055a71d327f41de48fe448131a6a62c936189bf2d3e4c3,1660690.6547791106,0.2367785950191319,0.25594164291396737
megatron,glm-mla,43,9394848,287,112852992,1.5388578361517509,1354255.3121412508,618.832715190947,f8bc91df1aa10a2e4fd193cb9acdc4df3cdba975,55ac7082517c3878ae653c07c09c534b8aed49f6,compile-max-autotune,baseline,False,e3b0c44298fc1c149afbf4c8996fb92427ae41e4649b934ca495991b7852b855,33c2da2f369cc6a117055a71d327f41de48fe448131a6a62c936189bf2d3e4c3,1375161.4403217756,0.28594169998541474,0.30713842099066824
megatron,glm-mla,44,9394848,287,112852992,1.5569417280181987,1630490.8285053317,603.7792400940089,f8bc91df1aa10a2e4fd193cb9acdc4df3cdba975,55ac7082517c3878ae653c07c09c534b8aed49f6,compile-max-autotune,baseline,False,e3b0c44298fc1c149afbf4c8996fb92427ae41e4649b934ca495991b7852b855,33c2da2f369cc6a117055a71d327f41de48fe448131a6a62c936189bf2d3e4c3,1665475.165307384,0.23609838692937046,0.2546697109937668
megatron,inkling-relative-attention,42,9420128,287,112852992,1.5401587131854855,612910.6969891128,724.2931926050223,f8bc91df1aa10a2e4fd193cb9acdc4df3cdba975,55ac7082517c3878ae653c07c09c534b8aed49f6,compile-max-autotune,baseline,False,e3b0c44298fc1c149afbf4c8996fb92427ae41e4649b934ca495991b7852b855,33c2da2f369cc6a117055a71d327f41de48fe448131a6a62c936189bf2d3e4c3,617556.526329696,0.6367287579923868,0.6460640010191128
megatron,inkling-relative-attention,43,9420128,287,112852992,1.5334700675940416,623451.5457013648,767.282665021019,f8bc91df1aa10a2e4fd193cb9acdc4df3cdba975,55ac7082517c3878ae653c07c09c534b8aed49f6,compile-max-autotune,baseline,False,e3b0c44298fc1c149afbf4c8996fb92427ae41e4649b934ca495991b7852b855,33c2da2f369cc6a117055a71d327f41de48fe448131a6a62c936189bf2d3e4c3,628874.2412317321,0.6252696870360523,0.636338816024363
megatron,inkling-relative-attention,44,9420128,287,112852992,1.4945091164850917,608500.6408791011,767.0922253640601,f8bc91df1aa10a2e4fd193cb9acdc4df3cdba975,55ac7082517c3878ae653c07c09c534b8aed49f6,compile-max-autotune,baseline,False,e3b0c44298fc1c149afbf4c8996fb92427ae41e4649b934ca495991b7852b855,33c2da2f369cc6a117055a71d327f41de48fe448131a6a62c936189bf2d3e4c3,616393.2047080911,0.637930458993651,0.6485656129661947
megatron,inkling-sconv-kv,42,9365728,286,112459776,1.5391470524203132,1515475.6122379946,560.3605870419415,f8bc91df1aa10a2e4fd193cb9acdc4df3cdba975,55ac7082517c3878ae653c07c09c534b8aed49f6,compile-max-autotune,baseline,False,e3b0c44298fc1c149afbf4c8996fb92427ae41e4649b934ca495991b7852b855,33c2da2f369cc6a117055a71d327f41de48fe448131a6a62c936189bf2d3e4c3,1537222.674377688,0.2557963830186054,0.2727245199494064
megatron,inkling-sconv-kv,43,9365728,286,112459776,1.5345106882769717,1425738.754903603,568.2675828479696,f8bc91df1aa10a2e4fd193cb9acdc4df3cdba975,55ac7082517c3878ae653c07c09c534b8aed49f6,compile-max-autotune,baseline,False,e3b0c44298fc1c149afbf4c8996fb92427ae41e4649b934ca495991b7852b855,33c2da2f369cc6a117055a71d327f41de48fe448131a6a62c936189bf2d3e4c3,1434587.6352848662,0.27409688354237005,0.29433299601078033
megatron,inkling-sconv-kv,44,9365728,286,112459776,1.4954935361819943,1588861.0219144758,573.2257006569998,f8bc91df1aa10a2e4fd193cb9acdc4df3cdba975,55ac7082517c3878ae653c07c09c534b8aed49f6,compile-max-autotune,baseline,False,e3b0c44298fc1c149afbf4c8996fb92427ae41e4649b934ca495991b7852b855,33c2da2f369cc6a117055a71d327f41de48fe448131a6a62c936189bf2d3e4c3,1613142.798243863,0.24375771346967667,0.25974202202633023
megatron,inkling-sconv-residual,42,9365728,286,112459776,1.4861151674178938,1595222.5173590332,536.9463217570446,f8bc91df1aa10a2e4fd193cb9acdc4df3cdba975,55ac7082517c3878ae653c07c09c534b8aed49f6,compile-max-autotune,baseline,False,e3b0c44298fc1c149afbf4c8996fb92427ae41e4649b934ca495991b7852b855,33c2da2f369cc6a117055a71d327f41de48fe448131a6a62c936189bf2d3e4c3,1619524.445821098,0.24279719952028245,0.25912595307454467
megatron,inkling-sconv-residual,43,9365728,286,112459776,1.504943024237002,1342544.5671203216,604.7984919220908,f8bc91df1aa10a2e4fd193cb9acdc4df3cdba975,55ac7082517c3878ae653c07c09c534b8aed49f6,compile-max-autotune,baseline,False,e3b0c44298fc1c149afbf4c8996fb92427ae41e4649b934ca495991b7852b855,33c2da2f369cc6a117055a71d327f41de48fe448131a6a62c936189bf2d3e4c3,1359326.2512452074,0.28927271848078817,0.30914288701023906
megatron,inkling-sconv-residual,44,9365728,286,112459776,1.4816238500577688,1567693.897297293,530.6803099489771,f8bc91df1aa10a2e4fd193cb9acdc4df3cdba975,55ac7082517c3878ae653c07c09c534b8aed49f6,compile-max-autotune,baseline,False,e3b0c44298fc1c149afbf4c8996fb92427ae41e4649b934ca495991b7852b855,33c2da2f369cc6a117055a71d327f41de48fe448131a6a62c936189bf2d3e4c3,1591080.7541877772,0.24713767605135217,0.26240332098677754
megatron,kda,42,9372437,286,112459776,1.4683635103149677,560710.4724800756,544.6561149540357,f8bc91df1aa10a2e4fd193cb9acdc4df3cdba975,55ac7082517c3878ae653c07c09c534b8aed49f6,compile,baseline,False,e3b0c44298fc1c149afbf4c8996fb92427ae41e4649b934ca495991b7852b855,33c2da2f369cc6a117055a71d327f41de48fe448131a6a62c936189bf2d3e4c3,566447.5181280886,0.6941790499840863,0.7260081130079925
megatron,kda,43,9372437,286,112459776,1.469571232007485,477112.92603721994,609.39628855302,f8bc91df1aa10a2e4fd193cb9acdc4df3cdba975,55ac7082517c3878ae653c07c09c534b8aed49f6,compile,baseline,False,e3b0c44298fc1c149afbf4c8996fb92427ae41e4649b934ca495991b7852b855,33c2da2f369cc6a117055a71d327f41de48fe448131a6a62c936189bf2d3e4c3,469105.0061741522,0.8382259724894539,0.8766449009999633
megatron,kda,44,9372437,286,112459776,1.4594310996860678,587326.5899772882,534.9961277650436,f8bc91df1aa10a2e4fd193cb9acdc4df3cdba975,55ac7082517c3878ae653c07c09c534b8aed49f6,compile,baseline,False,e3b0c44298fc1c149afbf4c8996fb92427ae41e4649b934ca495991b7852b855,33c2da2f369cc6a117055a71d327f41de48fe448131a6a62c936189bf2d3e4c3,595310.2909890605,0.6605227659456432,0.697569951065816
megatron,kimi-k3-kda-update,42,9385429,286,112459776,1.4714379607148904,587297.1254897497,525.9011337229749,f8bc91df1aa10a2e4fd193cb9acdc4df3cdba975,55ac7082517c3878ae653c07c09c534b8aed49f6,compile,baseline,False,e3b0c44298fc1c149afbf4c8996fb92427ae41e4649b934ca495991b7852b855,33c2da2f369cc6a117055a71d327f41de48fe448131a6a62c936189bf2d3e4c3,592449.4716707342,0.6637122975080274,0.6918255649507046
megatron,kimi-k3-kda-update,43,9385429,286,112459776,1.4721709727732806,481197.3060484805,603.6182213750435,f8bc91df1aa10a2e4fd193cb9acdc4df3cdba975,55ac7082517c3878ae653c07c09c534b8aed49f6,compile,baseline,False,e3b0c44298fc1c149afbf4c8996fb92427ae41e4649b934ca495991b7852b855,33c2da2f369cc6a117055a71d327f41de48fe448131a6a62c936189bf2d3e4c3,466323.31132592674,0.8432261275593191,0.8706210909876972
megatron,kimi-k3-kda-update,44,9385429,286,112459776,1.4607400384086597,591089.3550919838,525.6379811450606,f8bc91df1aa10a2e4fd193cb9acdc4df3cdba975,55ac7082517c3878ae653c07c09c534b8aed49f6,compile,baseline,False,e3b0c44298fc1c149afbf4c8996fb92427ae41e4649b934ca495991b7852b855,33c2da2f369cc6a117055a71d327f41de48fe448131a6a62c936189bf2d3e4c3,598907.9899136429,0.6565549410297535,0.6976016709813848
megatron,mhc,42,9417518,287,112852992,1.535146476585857,1360383.2561704111,712.9598409050377,f8bc91df1aa10a2e4fd193cb9acdc4df3cdba975,55ac7082517c3878ae653c07c09c534b8aed49f6,compile-max-autotune,baseline,False,e3b0c44298fc1c149afbf4c8996fb92427ae41e4649b934ca495991b7852b855,33c2da2f369cc6a117055a71d327f41de48fe448131a6a62c936189bf2d3e4c3,1404154.2994553135,0.28003759996499866,0.2930590049363673
megatron,mhc,43,9417518,287,112852992,1.517174664975187,1207244.932080498,811.7803612560965,f8bc91df1aa10a2e4fd193cb9acdc4df3cdba975,55ac7082517c3878ae653c07c09c534b8aed49f6,compile-max-autotune,baseline,False,e3b0c44298fc1c149afbf4c8996fb92427ae41e4649b934ca495991b7852b855,33c2da2f369cc6a117055a71d327f41de48fe448131a6a62c936189bf2d3e4c3,1252363.8041654609,0.31397905200719833,0.33118561399169266
megatron,mhc,44,9417518,287,112852992,1.5361261390017655,1388539.0621180746,741.0348265180364,f8bc91df1aa10a2e4fd193cb9acdc4df3cdba975,55ac7082517c3878ae653c07c09c534b8aed49f6,compile-max-autotune,baseline,False,e3b0c44298fc1c149afbf4c8996fb92427ae41e4649b934ca495991b7852b855,33c2da2f369cc6a117055a71d327f41de48fe448131a6a62c936189bf2d3e4c3,1396234.9456646084,0.28162595501635224,0.29614290699828416
megatron,partial-rope-25,42,9363488,286,112459776,1.5704890816968555,1622636.4240871107,533.9296212949557,f8bc91df1aa10a2e4fd193cb9acdc4df3cdba975,55ac7082517c3878ae653c07c09c534b8aed49f6,compile-max-autotune,baseline,False,e3b0c44298fc1c149afbf4c8996fb92427ae41e4649b934ca495991b7852b855,33c2da2f369cc6a117055a71d327f41de48fe448131a6a62c936189bf2d3e4c3,1647191.4451862748,0.23871906398562714,0.2557738299947232
megatron,partial-rope-25,43,9363488,286,112459776,1.5710612871155318,1415675.6668579967,591.5469607469859,f8bc91df1aa10a2e4fd193cb9acdc4df3cdba975,55ac7082517c3878ae653c07c09c534b8aed49f6,compile-max-autotune,baseline,False,e3b0c44298fc1c149afbf4c8996fb92427ae41e4649b934ca495991b7852b855,33c2da2f369cc6a117055a71d327f41de48fe448131a6a62c936189bf2d3e4c3,1431772.313909168,0.2746358455042355,0.2941393399378285
megatron,partial-rope-25,44,9363488,286,112459776,1.5334980799331603,1581923.5816667257,561.3052667269949,f8bc91df1aa10a2e4fd193cb9acdc4df3cdba975,55ac7082517c3878ae653c07c09c534b8aed49f6,compile-max-autotune,baseline,False,e3b0c44298fc1c149afbf4c8996fb92427ae41e4649b934ca495991b7852b855,33c2da2f369cc6a117055a71d327f41de48fe448131a6a62c936189bf2d3e4c3,1605695.550636358,0.24488826654851437,0.2625467600300908
megatron,qwen-gdn,42,9423916,288,113246208,1.4932522267303596,677889.0950192964,390.46010843198746,f8bc91df1aa10a2e4fd193cb9acdc4df3cdba975,55ac7082517c3878ae653c07c09c534b8aed49f6,compile,baseline,False,e3b0c44298fc1c149afbf4c8996fb92427ae41e4649b934ca495991b7852b855,33c2da2f369cc6a117055a71d327f41de48fe448131a6a62c936189bf2d3e4c3,685250.2987450224,0.5738282795646228,0.5982603839365765
megatron,qwen-gdn,43,9423916,288,113246208,1.4931705326072477,558393.8450071042,445.3920848700218,f8bc91df1aa10a2e4fd193cb9acdc4df3cdba975,55ac7082517c3878ae653c07c09c534b8aed49f6,compile,baseline,False,e3b0c44298fc1c149afbf4c8996fb92427ae41e4649b934ca495991b7852b855,33c2da2f369cc6a117055a71d327f41de48fe448131a6a62c936189bf2d3e4c3,549727.2961581949,0.7152928420109674,0.7434127430897206
megatron,qwen-gdn,44,9423916,288,113246208,1.4931184097234071,626434.5672182627,403.8639341039816,f8bc91df1aa10a2e4fd193cb9acdc4df3cdba975,55ac7082517c3878ae653c07c09c534b8aed49f6,compile,baseline,False,e3b0c44298fc1c149afbf4c8996fb92427ae41e4649b934ca495991b7852b855,33c2da2f369cc6a117055a71d327f41de48fe448131a6a62c936189bf2d3e4c3,616975.1002847031,0.6373287995229475,0.6713743499713019
megatron,situ-glu,42,9363208,286,112459776,1.5462827515575586,1631798.2706419395,533.2544804019853,f8bc91df1aa10a2e4fd193cb9acdc4df3cdba975,55ac7082517c3878ae653c07c09c534b8aed49f6,compile-max-autotune,baseline,False,e3b0c44298fc1c149afbf4c8996fb92427ae41e4649b934ca495991b7852b855,33c2da2f369cc6a117055a71d327f41de48fe448131a6a62c936189bf2d3e4c3,1639609.522718663,0.23982295452151448,0.25405581400264055
megatron,situ-glu,43,9363208,286,112459776,1.543684773263797,1470289.9473974684,601.1275573539315,f8bc91df1aa10a2e4fd193cb9acdc4df3cdba975,55ac7082517c3878ae653c07c09c534b8aed49f6,compile-max-autotune,baseline,False,e3b0c44298fc1c149afbf4c8996fb92427ae41e4649b934ca495991b7852b855,33c2da2f369cc6a117055a71d327f41de48fe448131a6a62c936189bf2d3e4c3,1481189.379869545,0.26547314296476543,0.2853795529808849
megatron,situ-glu,44,9363208,286,112459776,1.5571550362096875,1667154.433979737,583.4790421689395,f8bc91df1aa10a2e4fd193cb9acdc4df3cdba975,55ac7082517c3878ae653c07c09c534b8aed49f6,compile-max-autotune,baseline,False,e3b0c44298fc1c149afbf4c8996fb92427ae41e4649b934ca495991b7852b855,33c2da2f369cc6a117055a71d327f41de48fe448131a6a62c936189bf2d3e4c3,1677397.6321535693,0.23442026652628556,0.2493706790264696
megatron,xielu,42,9363498,286,112459776,1.547404202394841,1514995.0229943846,561.3249982970301,f8bc91df1aa10a2e4fd193cb9acdc4df3cdba975,55ac7082517c3878ae653c07c09c534b8aed49f6,compile-max-autotune,baseline,False,e3b0c44298fc1c149afbf4c8996fb92427ae41e4649b934ca495991b7852b855,33c2da2f369cc6a117055a71d327f41de48fe448131a6a62c936189bf2d3e4c3,1542764.8612061618,0.25487746699946,0.2734648600453511
megatron,xielu,43,9363498,286,112459776,1.5460036751074775,1394633.8880215997,593.4969575690338,f8bc91df1aa10a2e4fd193cb9acdc4df3cdba975,55ac7082517c3878ae653c07c09c534b8aed49f6,compile-max-autotune,baseline,False,e3b0c44298fc1c149afbf4c8996fb92427ae41e4649b934ca495991b7852b855,33c2da2f369cc6a117055a71d327f41de48fe448131a6a62c936189bf2d3e4c3,1410720.7938067098,0.2787341065122746,0.30002555390819907
megatron,xielu,44,9363498,286,112459776,1.5443747856091574,1650132.3194203647,576.7315014110645,f8bc91df1aa10a2e4fd193cb9acdc4df3cdba975,55ac7082517c3878ae653c07c09c534b8aed49f6,compile-max-autotune,baseline,False,e3b0c44298fc1c149afbf4c8996fb92427ae41e4649b934ca495991b7852b855,33c2da2f369cc6a117055a71d327f41de48fe448131a6a62c936189bf2d3e4c3,1680527.8464557508,0.23398362653097138,0.25244564993772656
speedrun,attnres,42,9364709,286,112459776,1.4960570913554467,1237338.0,87.710529088974,,,,,,,,,,
speedrun,attnres,43,9364709,286,112459776,1.49729141381086,1255029.0,86.47418761253357,,,,,,,,,,
speedrun,attnres,44,9364709,286,112459776,1.5011098470521977,1279747.0,84.80390524864197,,,,,,,,,,
speedrun,baseline,42,9363488,286,112459776,1.550233214988311,1375228.0,78.91608095169067,,,,,,,,,,
speedrun,baseline,43,9363488,286,112459776,1.5588903658411504,1384066.0,78.41216802597046,,,,,,,,,,
speedrun,baseline,44,9363488,286,112459776,1.555817888649273,1321390.0,82.13136625289917,,,,,,,,,,
speedrun,dsa,42,9391248,287,112852992,1.6339830165072566,433009.0,251.5439863204956,,,,,,,,,,
speedrun,dsa,43,9391248,287,112852992,1.6346510137175567,434279.0,250.80800104141235,,,,,,,,,,
speedrun,dsa,44,9391248,287,112852992,1.6319956085657996,436337.0,249.6254279613495,,,,,,,,,,
speedrun,engram,42,10284800,314,123469824,1.4872970286354055,1351641.0,88.43885111808777,,,,,,,,,,
speedrun,engram,43,10284800,314,123469824,1.4914268322701292,1384013.0,86.37029218673706,,,,,,,,,,
speedrun,engram,44,10284800,314,123469824,1.490441885107378,1323190.0,90.3404712677002,,,,,,,,,,
speedrun,gated-attention,42,9365448,286,112459776,1.5464668576315812,1327172.0,81.7735767364502,,,,,,,,,,
speedrun,gated-attention,43,9365448,286,112459776,1.5603291171412006,1354390.0,80.13020706176758,,,,,,,,,,
speedrun,gated-attention,44,9365448,286,112459776,1.540856920967074,1299069.0,83.5425500869751,,,,,,,,,,
speedrun,glm-mla,42,9394848,287,112852992,1.5497065666076613,1339815.0,81.29541230201721,,,,,,,,,,
speedrun,glm-mla,43,9394848,287,112852992,1.5545668275166644,1394319.0,78.11754631996155,,,,,,,,,,
speedrun,glm-mla,44,9394848,287,112852992,1.5557974302660342,1389978.0,78.36154913902283,,,,,,,,,,
speedrun,inkling-relative-attention,42,9420128,287,112852992,1.5524670534551452,566720.0,192.19490385055542,,,,,,,,,,
speedrun,inkling-relative-attention,43,9420128,287,112852992,1.5624794172098095,560667.0,194.26976442337036,,,,,,,,,,
speedrun,inkling-relative-attention,44,9420128,287,112852992,1.5603841377930932,566200.0,192.37148475646973,,,,,,,,,,
speedrun,inkling-sconv-kv,42,9365728,286,112459776,1.5424988612097468,1338202.0,81.09956526756287,,,,,,,,,,
speedrun,inkling-sconv-kv,43,9365728,286,112459776,1.5474704033245494,1250662.0,86.77608752250671,,,,,,,,,,
speedrun,inkling-sconv-kv,44,9365728,286,112459776,1.5529890522032408,1265879.0,85.73300004005432,,,,,,,,,,
speedrun,inkling-sconv-residual,42,9365728,286,112459776,1.4813045821994317,1305897.0,83.10579109191895,,,,,,,,,,
speedrun,inkling-sconv-residual,43,9365728,286,112459776,1.5156636619103925,1327460.0,81.75582194328308,,,,,,,,,,
speedrun,inkling-sconv-residual,44,9365728,286,112459776,1.5180827107406396,1276590.0,85.01362633705139,,,,,,,,,,
speedrun,kda,42,9372437,286,112459776,1.454332683702981,602069.0,180.25749015808105,,,,,,,,,,
speedrun,kda,43,9372437,286,112459776,1.4723408655735124,605266.0,179.3055157661438,,,,,,,,,,
speedrun,kda,44,9372437,286,112459776,1.4599979509948844,614538.0,176.6000680923462,,,,,,,,,,
speedrun,kimi-k3-kda-update,42,9385429,286,112459776,1.4511551248153767,619741.0,175.117493391037,,,,,,,,,,
speedrun,kimi-k3-kda-update,43,9385429,286,112459776,1.4679850897966502,630780.0,172.05279350280762,,,,,,,,,,
speedrun,kimi-k3-kda-update,44,9385429,286,112459776,1.465641674989286,637722.0,170.1800754070282,,,,,,,,,,
speedrun,mhc,42,9417518,287,112852992,1.5420388575623754,882394.0,123.43780755996704,,,,,,,,,,
speedrun,mhc,43,9417518,287,112852992,1.55335466830976,846714.0,128.63941597938538,,,,,,,,,,
speedrun,mhc,44,9417518,287,112852992,1.5244542572175401,884896.0,123.0887942314148,,,,,,,,,,
speedrun,partial-rope-25,42,9363488,286,112459776,1.5737138593874942,1441527.0,75.2865378856659,,,,,,,,,,
speedrun,partial-rope-25,43,9363488,286,112459776,1.5836685676984852,1358831.0,79.86833548545837,,,,,,,,,,
speedrun,partial-rope-25,44,9363488,286,112459776,1.5814767309123912,1321545.0,82.12176179885864,,,,,,,,,,
speedrun,qwen-gdn,42,9423916,288,113246208,1.4738481214598627,609090.0,179.47100281715393,,,,,,,,,,
speedrun,qwen-gdn,43,9423916,288,113246208,1.4850588505115203,657437.0,166.2728168964386,,,,,,,,,,
speedrun,qwen-gdn,44,9423916,288,113246208,1.490401123328652,669833.0,163.1957652568817,,,,,,,,,,
speedrun,situ-glu,42,9363208,286,112459776,1.5523236897847212,1452486.0,74.71852350234985,,,,,,,,,,
speedrun,situ-glu,43,9363208,286,112459776,1.5648817273628615,1425161.0,76.1510877609253,,,,,,,,,,
speedrun,situ-glu,44,9363208,286,112459776,1.5619767919306904,1280277.0,84.76879525184631,,,,,,,,,,
speedrun,xielu,42,9363498,286,112459776,1.5537078853961346,1351232.0,80.31750226020813,,,,,,,,,,
speedrun,xielu,43,9363498,286,112459776,1.5590811557636282,1352198.0,80.26012587547302,,,,,,,,,,
speedrun,xielu,44,9363498,286,112459776,1.5596367868538663,1306210.0,83.08582949638367,,,,,,,,,,
