backend,variant,seed,parameter_count,training_steps,training_tokens,final_bpb,tokens_per_second,wall_seconds,source_commit,megatron_commit
megatron,attnres,42,9364709,286,112459776,1.498657415224791,486537.371267778,329.607048277976,e6d9b0b1153e74078dbb87d4c0e8b12c8d4df513,55ac7082517c3878ae653c07c09c534b8aed49f6
megatron,attnres,43,9364709,286,112459776,1.4962506969548344,380694.67994411616,404.7498748450307,e6d9b0b1153e74078dbb87d4c0e8b12c8d4df513,55ac7082517c3878ae653c07c09c534b8aed49f6
megatron,attnres,44,9364709,286,112459776,1.4994637155840167,488715.7889206387,328.6239748309599,e6d9b0b1153e74078dbb87d4c0e8b12c8d4df513,55ac7082517c3878ae653c07c09c534b8aed49f6
megatron,baseline,42,9363488,286,112459776,1.5314453683182843,794168.0262458908,236.6224742620252,e6d9b0b1153e74078dbb87d4c0e8b12c8d4df513,55ac7082517c3878ae653c07c09c534b8aed49f6
megatron,baseline,43,9363488,286,112459776,1.5478912529684192,667698.8151814521,274.1874042080017,e6d9b0b1153e74078dbb87d4c0e8b12c8d4df513,55ac7082517c3878ae653c07c09c534b8aed49f6
megatron,baseline,44,9363488,286,112459776,1.5223196419530969,794565.974960462,237.36403305502608,e6d9b0b1153e74078dbb87d4c0e8b12c8d4df513,55ac7082517c3878ae653c07c09c534b8aed49f6
megatron,dsa,42,9391248,287,112852992,1.622217743136084,284544.4164973048,512.243188339984,ed8336e5403d8da75082502a96a115f06ee17334,55ac7082517c3878ae653c07c09c534b8aed49f6
megatron,dsa,43,9391248,287,112852992,1.6333612176454897,218673.41070626615,655.7283202660037,ed8336e5403d8da75082502a96a115f06ee17334,55ac7082517c3878ae653c07c09c534b8aed49f6
megatron,dsa,44,9391248,287,112852992,1.6200104738112158,281774.6516651951,514.7035878549796,ed8336e5403d8da75082502a96a115f06ee17334,55ac7082517c3878ae653c07c09c534b8aed49f6
megatron,engram,42,10284800,314,123469824,1.4876109027296138,751461.2904176427,270.44591153401416,e6d9b0b1153e74078dbb87d4c0e8b12c8d4df513,55ac7082517c3878ae653c07c09c534b8aed49f6
megatron,engram,43,10284800,314,123469824,1.4894396755808765,614385.347660889,322.8844499080442,e6d9b0b1153e74078dbb87d4c0e8b12c8d4df513,55ac7082517c3878ae653c07c09c534b8aed49f6
megatron,engram,44,10284800,314,123469824,1.4898466297070916,754705.8028403757,272.0044993039919,e6d9b0b1153e74078dbb87d4c0e8b12c8d4df513,55ac7082517c3878ae653c07c09c534b8aed49f6
megatron,gated-attention,42,9365448,286,112459776,1.5317348911564064,788620.7582711899,236.49183066294063,e6d9b0b1153e74078dbb87d4c0e8b12c8d4df513,55ac7082517c3878ae653c07c09c534b8aed49f6
megatron,gated-attention,43,9365448,286,112459776,1.5404818999059142,617295.8743835328,283.9993916560197,e6d9b0b1153e74078dbb87d4c0e8b12c8d4df513,55ac7082517c3878ae653c07c09c534b8aed49f6
megatron,gated-attention,44,9365448,286,112459776,1.5270497042960065,777368.5696714431,235.38205906597432,e6d9b0b1153e74078dbb87d4c0e8b12c8d4df513,55ac7082517c3878ae653c07c09c534b8aed49f6
megatron,glm-mla,42,9394848,287,112852992,1.5265559485735796,789466.0218065501,231.36014784500003,e6d9b0b1153e74078dbb87d4c0e8b12c8d4df513,55ac7082517c3878ae653c07c09c534b8aed49f6
megatron,glm-mla,43,9394848,287,112852992,1.5451706232218876,636446.1106998632,278.20487055392005,e6d9b0b1153e74078dbb87d4c0e8b12c8d4df513,55ac7082517c3878ae653c07c09c534b8aed49f6
megatron,glm-mla,44,9394848,287,112852992,1.5236209903526765,762302.1368165393,238.23592127894517,e6d9b0b1153e74078dbb87d4c0e8b12c8d4df513,55ac7082517c3878ae653c07c09c534b8aed49f6
megatron,inkling-relative-attention,42,9420128,287,112852992,1.5246381602818935,259622.8732106343,541.1066568660317,e6d9b0b1153e74078dbb87d4c0e8b12c8d4df513,55ac7082517c3878ae653c07c09c534b8aed49f6
megatron,inkling-relative-attention,43,9420128,287,112852992,1.547584811246986,256068.88665563485,558.8749555350514,e6d9b0b1153e74078dbb87d4c0e8b12c8d4df513,55ac7082517c3878ae653c07c09c534b8aed49f6
megatron,inkling-relative-attention,44,9420128,287,112852992,1.5128604975628264,259827.78186379527,540.866631457,e6d9b0b1153e74078dbb87d4c0e8b12c8d4df513,55ac7082517c3878ae653c07c09c534b8aed49f6
megatron,inkling-sconv-kv,42,9365728,286,112459776,1.5239950864019496,757272.1436291792,241.57374566304497,e6d9b0b1153e74078dbb87d4c0e8b12c8d4df513,55ac7082517c3878ae653c07c09c534b8aed49f6
megatron,inkling-sconv-kv,43,9365728,286,112459776,1.5810995765445126,593399.9296863227,294.23589402309153,e6d9b0b1153e74078dbb87d4c0e8b12c8d4df513,55ac7082517c3878ae653c07c09c534b8aed49f6
megatron,inkling-sconv-kv,44,9365728,286,112459776,1.5159015567213554,748323.4247437378,242.73069281794596,e6d9b0b1153e74078dbb87d4c0e8b12c8d4df513,55ac7082517c3878ae653c07c09c534b8aed49f6
megatron,inkling-sconv-residual,42,9365728,286,112459776,1.4960238609271208,752454.1353080604,240.33145624096505,e6d9b0b1153e74078dbb87d4c0e8b12c8d4df513,55ac7082517c3878ae653c07c09c534b8aed49f6
megatron,inkling-sconv-residual,43,9365728,286,112459776,1.4856592494072143,612427.7707664673,286.3071256929543,e6d9b0b1153e74078dbb87d4c0e8b12c8d4df513,55ac7082517c3878ae653c07c09c534b8aed49f6
megatron,inkling-sconv-residual,44,9365728,286,112459776,1.4996440893591079,743401.6029515993,242.4045450889971,e6d9b0b1153e74078dbb87d4c0e8b12c8d4df513,55ac7082517c3878ae653c07c09c534b8aed49f6
megatron,kda,42,9372437,286,112459776,1.4646530171413077,613208.4376679923,501.8619626360014,e6d9b0b1153e74078dbb87d4c0e8b12c8d4df513,55ac7082517c3878ae653c07c09c534b8aed49f6
megatron,kda,43,9372437,286,112459776,1.4701897688111454,485737.74182325165,579.4318535370985,e6d9b0b1153e74078dbb87d4c0e8b12c8d4df513,55ac7082517c3878ae653c07c09c534b8aed49f6
megatron,kda,44,9372437,286,112459776,1.4573797845985341,586939.0855046468,506.9314846310299,e6d9b0b1153e74078dbb87d4c0e8b12c8d4df513,55ac7082517c3878ae653c07c09c534b8aed49f6
megatron,kimi-k3-kda-update,42,9385429,286,112459776,1.467616797141906,627359.6992719064,475.84209147200454,e6d9b0b1153e74078dbb87d4c0e8b12c8d4df513,55ac7082517c3878ae653c07c09c534b8aed49f6
megatron,kimi-k3-kda-update,43,9385429,286,112459776,1.471877271864637,504696.83166525135,547.5502396239899,e6d9b0b1153e74078dbb87d4c0e8b12c8d4df513,55ac7082517c3878ae653c07c09c534b8aed49f6
megatron,kimi-k3-kda-update,44,9385429,286,112459776,1.4578419957673499,624328.2560212188,475.58162763598375,e6d9b0b1153e74078dbb87d4c0e8b12c8d4df513,55ac7082517c3878ae653c07c09c534b8aed49f6
megatron,mhc,42,9417518,287,112852992,1.5209002297385066,352658.94310693635,438.40758099092636,e6d9b0b1153e74078dbb87d4c0e8b12c8d4df513,55ac7082517c3878ae653c07c09c534b8aed49f6
megatron,mhc,43,9417518,287,112852992,1.541199859762443,284636.92675651034,514.705268434016,e6d9b0b1153e74078dbb87d4c0e8b12c8d4df513,55ac7082517c3878ae653c07c09c534b8aed49f6
megatron,mhc,44,9417518,287,112852992,1.5145931941798925,363781.24767398083,416.24314722709823,e6d9b0b1153e74078dbb87d4c0e8b12c8d4df513,55ac7082517c3878ae653c07c09c534b8aed49f6
megatron,partial-rope-25,42,9363488,286,112459776,1.5570392934776478,766759.2450586746,235.73683854495175,e6d9b0b1153e74078dbb87d4c0e8b12c8d4df513,55ac7082517c3878ae653c07c09c534b8aed49f6
megatron,partial-rope-25,43,9363488,286,112459776,1.5735917122615255,646779.9168891525,275.69655359792523,e6d9b0b1153e74078dbb87d4c0e8b12c8d4df513,55ac7082517c3878ae653c07c09c534b8aed49f6
megatron,partial-rope-25,44,9363488,286,112459776,1.550091580249779,788847.0595891445,230.8019079680089,e6d9b0b1153e74078dbb87d4c0e8b12c8d4df513,55ac7082517c3878ae653c07c09c534b8aed49f6
megatron,qwen-gdn,42,9423916,288,113246208,1.4937363073355943,560931.3149373881,392.4987271850696,e6d9b0b1153e74078dbb87d4c0e8b12c8d4df513,55ac7082517c3878ae653c07c09c534b8aed49f6
megatron,qwen-gdn,43,9423916,288,113246208,1.4888674095753305,457263.15941112215,459.3968857979635,e6d9b0b1153e74078dbb87d4c0e8b12c8d4df513,55ac7082517c3878ae653c07c09c534b8aed49f6
megatron,qwen-gdn,44,9423916,288,113246208,1.4951803256954994,560610.963740178,396.2453115140088,e6d9b0b1153e74078dbb87d4c0e8b12c8d4df513,55ac7082517c3878ae653c07c09c534b8aed49f6
megatron,situ-glu,42,9363208,286,112459776,1.5277990917734883,768488.6568184748,235.89188414206728,e6d9b0b1153e74078dbb87d4c0e8b12c8d4df513,55ac7082517c3878ae653c07c09c534b8aed49f6
megatron,situ-glu,43,9363208,286,112459776,1.546226099199353,655607.5148268274,266.1121421349235,e6d9b0b1153e74078dbb87d4c0e8b12c8d4df513,55ac7082517c3878ae653c07c09c534b8aed49f6
megatron,situ-glu,44,9363208,286,112459776,1.5247505822476153,754607.8897185843,235.57462068402674,e6d9b0b1153e74078dbb87d4c0e8b12c8d4df513,55ac7082517c3878ae653c07c09c534b8aed49f6
megatron,xielu,42,9363498,286,112459776,1.5478123306945877,668773.3945184797,265.00295975990593,e6d9b0b1153e74078dbb87d4c0e8b12c8d4df513,55ac7082517c3878ae653c07c09c534b8aed49f6
megatron,xielu,43,9363498,286,112459776,1.5364849653423156,602959.8726749367,293.19973002106417,e6d9b0b1153e74078dbb87d4c0e8b12c8d4df513,55ac7082517c3878ae653c07c09c534b8aed49f6
megatron,xielu,44,9363498,286,112459776,1.5237131417694658,721257.6558243355,250.58667631307617,e6d9b0b1153e74078dbb87d4c0e8b12c8d4df513,55ac7082517c3878ae653c07c09c534b8aed49f6
speedrun,attnres,42,9364709,286,112459776,1.4960570913554467,1237338.0,87.710529088974,,
speedrun,attnres,43,9364709,286,112459776,1.49729141381086,1255029.0,86.47418761253357,,
speedrun,attnres,44,9364709,286,112459776,1.5011098470521977,1279747.0,84.80390524864197,,
speedrun,baseline,42,9363488,286,112459776,1.550233214988311,1375228.0,78.91608095169067,,
speedrun,baseline,43,9363488,286,112459776,1.5588903658411504,1384066.0,78.41216802597046,,
speedrun,baseline,44,9363488,286,112459776,1.555817888649273,1321390.0,82.13136625289917,,
speedrun,dsa,42,9391248,287,112852992,1.6339830165072566,433009.0,251.5439863204956,,
speedrun,dsa,43,9391248,287,112852992,1.6346510137175567,434279.0,250.80800104141235,,
speedrun,dsa,44,9391248,287,112852992,1.6319956085657996,436337.0,249.6254279613495,,
speedrun,engram,42,10284800,314,123469824,1.4872970286354055,1351641.0,88.43885111808777,,
speedrun,engram,43,10284800,314,123469824,1.4914268322701292,1384013.0,86.37029218673706,,
speedrun,engram,44,10284800,314,123469824,1.490441885107378,1323190.0,90.3404712677002,,
speedrun,gated-attention,42,9365448,286,112459776,1.5464668576315812,1327172.0,81.7735767364502,,
speedrun,gated-attention,43,9365448,286,112459776,1.5603291171412006,1354390.0,80.13020706176758,,
speedrun,gated-attention,44,9365448,286,112459776,1.540856920967074,1299069.0,83.5425500869751,,
speedrun,glm-mla,42,9394848,287,112852992,1.5497065666076613,1339815.0,81.29541230201721,,
speedrun,glm-mla,43,9394848,287,112852992,1.5545668275166644,1394319.0,78.11754631996155,,
speedrun,glm-mla,44,9394848,287,112852992,1.5557974302660342,1389978.0,78.36154913902283,,
speedrun,inkling-relative-attention,42,9420128,287,112852992,1.5524670534551452,566720.0,192.19490385055542,,
speedrun,inkling-relative-attention,43,9420128,287,112852992,1.5624794172098095,560667.0,194.26976442337036,,
speedrun,inkling-relative-attention,44,9420128,287,112852992,1.5603841377930932,566200.0,192.37148475646973,,
speedrun,inkling-sconv-kv,42,9365728,286,112459776,1.5424988612097468,1338202.0,81.09956526756287,,
speedrun,inkling-sconv-kv,43,9365728,286,112459776,1.5474704033245494,1250662.0,86.77608752250671,,
speedrun,inkling-sconv-kv,44,9365728,286,112459776,1.5529890522032408,1265879.0,85.73300004005432,,
speedrun,inkling-sconv-residual,42,9365728,286,112459776,1.4813045821994317,1305897.0,83.10579109191895,,
speedrun,inkling-sconv-residual,43,9365728,286,112459776,1.5156636619103925,1327460.0,81.75582194328308,,
speedrun,inkling-sconv-residual,44,9365728,286,112459776,1.5180827107406396,1276590.0,85.01362633705139,,
speedrun,kda,42,9372437,286,112459776,1.454332683702981,602069.0,180.25749015808105,,
speedrun,kda,43,9372437,286,112459776,1.4723408655735124,605266.0,179.3055157661438,,
speedrun,kda,44,9372437,286,112459776,1.4599979509948844,614538.0,176.6000680923462,,
speedrun,kimi-k3-kda-update,42,9385429,286,112459776,1.4511551248153767,619741.0,175.117493391037,,
speedrun,kimi-k3-kda-update,43,9385429,286,112459776,1.4679850897966502,630780.0,172.05279350280762,,
speedrun,kimi-k3-kda-update,44,9385429,286,112459776,1.465641674989286,637722.0,170.1800754070282,,
speedrun,mhc,42,9417518,287,112852992,1.5420388575623754,882394.0,123.43780755996704,,
speedrun,mhc,43,9417518,287,112852992,1.55335466830976,846714.0,128.63941597938538,,
speedrun,mhc,44,9417518,287,112852992,1.5244542572175401,884896.0,123.0887942314148,,
speedrun,partial-rope-25,42,9363488,286,112459776,1.5737138593874942,1441527.0,75.2865378856659,,
speedrun,partial-rope-25,43,9363488,286,112459776,1.5836685676984852,1358831.0,79.86833548545837,,
speedrun,partial-rope-25,44,9363488,286,112459776,1.5814767309123912,1321545.0,82.12176179885864,,
speedrun,qwen-gdn,42,9423916,288,113246208,1.4738481214598627,609090.0,179.47100281715393,,
speedrun,qwen-gdn,43,9423916,288,113246208,1.4850588505115203,657437.0,166.2728168964386,,
speedrun,qwen-gdn,44,9423916,288,113246208,1.490401123328652,669833.0,163.1957652568817,,
speedrun,situ-glu,42,9363208,286,112459776,1.5523236897847212,1452486.0,74.71852350234985,,
speedrun,situ-glu,43,9363208,286,112459776,1.5648817273628615,1425161.0,76.1510877609253,,
speedrun,situ-glu,44,9363208,286,112459776,1.5619767919306904,1280277.0,84.76879525184631,,
speedrun,xielu,42,9363498,286,112459776,1.5537078853961346,1351232.0,80.31750226020813,,
speedrun,xielu,43,9363498,286,112459776,1.5590811557636282,1352198.0,80.26012587547302,,
speedrun,xielu,44,9363498,286,112459776,1.5596367868538663,1306210.0,83.08582949638367,,
