campaign,scale,budget_regime,variant,parameters,mean_final_bpb,paired_delta_bpb,valid_seeds,throughput_ratio,status,as_of
d14-controlled,d14,fixed-1B-training-tokens,baseline,399114882,0.843769650,,3,,complete,2026-08-24
scaling-clean-v1,d16,fixed-1B-training-tokens,baseline,536871738,0.830908465,,3,1.000,complete,2026-08-24
scaling-clean-v1,d16,fixed-1B-training-tokens,mhc,540018330,0.826489939,-0.004418526,3,0.31,complete,2026-08-24
scaling-clean-v1,d16,fixed-1B-training-tokens,qwen-gdn,587795514,0.826504252,-0.004404213,3,0.52,complete,2026-08-24
scaling-clean-v1,d16,fixed-1B-training-tokens,inkling-sconv-kv,537002810,0.828381030,-0.002527435,3,0.61,complete,2026-08-24
scaling-clean-v1,d16,fixed-1B-training-tokens,engram,685583674,0.827963615,-0.002944850,3,0.94,complete,2026-08-24
scaling-clean-v1,d16,fixed-1B-training-tokens,xielu,536871770,0.829311166,-0.001597299,3,0.90,complete,2026-08-24
scaling-clean-v1,d16,fixed-1B-training-tokens,shared-mtp3,551551802,0.829831122,-0.001077343,3,0.69,complete,2026-08-24
scaling-clean-v1,d16,fixed-1B-training-tokens,exclusive-attention,536871738,0.829390859,-0.001517605,3,0.97,complete,2026-08-24
scaling-clean-v1,d16,fixed-1B-training-tokens,per-head-muon,536871738,0.830220570,-0.000687895,3,0.71,complete,2026-08-24
scaling-clean-v1,d18,fixed-1B-training-tokens,baseline,701891594,0.820979116,,3,1.000,complete,2026-08-24
scaling-clean-v1,d18,fixed-1B-training-tokens,mhc,705873878,0.817116988,-0.003862128,3,0.32,complete,2026-08-24
scaling-clean-v1,d18,fixed-1B-training-tokens,qwen-gdn,777050910,0.817408065,-0.003571050,3,0.55,complete,2026-08-24
scaling-clean-v1,d18,fixed-1B-training-tokens,inkling-sconv-kv,702057482,0.818039308,-0.002939807,3,0.62,complete,2026-08-24
scaling-clean-v1,d18,fixed-1B-training-tokens,engram,850833930,0.819709338,-0.001269778,3,0.95,complete,2026-08-24
scaling-clean-v1,d18,fixed-1B-training-tokens,xielu,701891630,0.819280460,-0.001698656,3,0.91,complete,2026-08-24
scaling-clean-v1,d18,fixed-1B-training-tokens,shared-mtp3,720471050,0.819475611,-0.001503505,3,0.72,complete,2026-08-24
scaling-clean-v1,d18,fixed-1B-training-tokens,exclusive-attention,701891594,0.820107377,-0.000871739,3,0.97,complete,2026-08-24
scaling-clean-v1,d18,fixed-1B-training-tokens,per-head-muon,701891594,0.819682670,-0.001296446,3,0.69,complete,2026-08-24
parameter-size-sweep-v1,minimal,12-tokens-per-parameter,engram,852844,2.089636623,-0.023286341,3,,complete,2026-08-24
parameter-size-sweep-v1,sub1m,12-tokens-per-parameter,attnres,,2.111834743,-0.048961612,3,,complete,2026-08-24
parameter-size-sweep-v1,10m,12-tokens-per-parameter,kimi-k3-kda-update,,1.461593963,-0.093386527,3,,complete,2026-08-24
parameter-scale-100m-1b-v1,100m,12-tokens-per-parameter,baseline,105775510,0.916171425,0.000000000,3,1.000000,complete,2026-08-24
parameter-scale-100m-1b-v1,100m,12-tokens-per-parameter,attnres,105791617,0.918688943,0.002517518,3,0.833036,complete,2026-08-24
parameter-scale-100m-1b-v1,100m,12-tokens-per-parameter,dsa,107020950,0.981464304,0.065292878,3,0.288039,complete,2026-08-24
parameter-scale-100m-1b-v1,100m,12-tokens-per-parameter,engram,118668310,0.908589295,-0.007582130,3,0.948237,complete,2026-08-24
parameter-scale-100m-1b-v1,100m,12-tokens-per-parameter,gated-attention,105798550,0.914020583,-0.002150843,3,0.964451,complete,2026-08-24
parameter-scale-100m-1b-v1,100m,12-tokens-per-parameter,glm-mla,106267030,0.918749802,0.002578376,3,0.965477,complete,2026-08-24
parameter-scale-100m-1b-v1,100m,12-tokens-per-parameter,inkling-relative-attention,106307990,0.976844041,0.060672616,3,0.317858,complete,2026-08-24
parameter-scale-100m-1b-v1,100m,12-tokens-per-parameter,inkling-sconv-kv,105806230,0.913319160,-0.002852265,3,0.722753,complete,2026-08-24
parameter-scale-100m-1b-v1,100m,12-tokens-per-parameter,inkling-sconv-residual,105806230,0.917915399,0.001743974,3,0.721760,complete,2026-08-24
parameter-scale-100m-1b-v1,100m,12-tokens-per-parameter,kda,106517888,0.910074311,-0.006097115,3,0.383885,complete,2026-08-24
parameter-scale-100m-1b-v1,100m,12-tokens-per-parameter,kimi-k3-kda-update,107648384,0.909598653,-0.006572772,3,0.397261,complete,2026-08-24
parameter-scale-100m-1b-v1,100m,12-tokens-per-parameter,mhc,106513330,0.909990708,-0.006083192,2,0.368721,partial,2026-08-24
parameter-scale-100m-1b-v1,100m,12-tokens-per-parameter,partial-rope-25,105775510,0.924229239,0.008057813,3,0.989449,complete,2026-08-24
parameter-scale-100m-1b-v1,100m,12-tokens-per-parameter,qwen-gdn,110617902,0.902994031,-0.013177394,3,0.417410,complete,2026-08-24
parameter-scale-100m-1b-v1,100m,12-tokens-per-parameter,situ-glu,105775510,0.915929128,-0.000242298,3,0.967865,complete,2026-08-24
parameter-scale-100m-1b-v1,100m,12-tokens-per-parameter,xielu,105775530,0.915622459,-0.000548967,3,0.949160,complete,2026-08-24
parameter-scale-100m-1b-v1,300m,12-tokens-per-parameter,baseline,288359418,0.808017278,0.000000000,3,1.000000,complete,2026-08-24
parameter-scale-100m-1b-v1,300m,12-tokens-per-parameter,attnres,288401625,0.808888878,0.000871599,3,0.758519,complete,2026-08-24
parameter-scale-100m-1b-v1,300m,12-tokens-per-parameter,dsa,294341626,0.818233218,0.010215940,3,0.305215,complete,2026-08-24
parameter-scale-100m-1b-v1,300m,12-tokens-per-parameter,engram,310199098,0.803944794,-0.004072484,3,0.972506,complete,2026-08-24
parameter-scale-100m-1b-v1,300m,12-tokens-per-parameter,gated-attention,288461818,0.806800624,-0.001216654,3,0.971563,complete,2026-08-24
parameter-scale-100m-1b-v1,300m,12-tokens-per-parameter,glm-mla,281805818,0.812048536,0.004031257,3,1.020616,complete,2026-08-24
parameter-scale-100m-1b-v1,300m,12-tokens-per-parameter,inkling-relative-attention,292160506,1.251816130,0.443798851,3,0.300713,complete,2026-08-24
parameter-scale-100m-1b-v1,300m,12-tokens-per-parameter,inkling-sconv-kv,288441338,0.806509377,-0.001507902,3,0.701214,complete,2026-08-24
parameter-scale-100m-1b-v1,300m,12-tokens-per-parameter,inkling-sconv-residual,288441338,0.808924086,0.000906808,3,0.700426,complete,2026-08-24
parameter-scale-100m-1b-v1,300m,12-tokens-per-parameter,kda,290510706,0.804986596,-0.003030682,3,0.500210,complete,2026-08-24
parameter-scale-100m-1b-v1,300m,12-tokens-per-parameter,kimi-k3-kda-update,296081266,0.802383835,-0.005633443,3,0.511222,complete,2026-08-24
parameter-scale-100m-1b-v1,300m,12-tokens-per-parameter,mhc,290326362,,,0,,failed-nonfinite,2026-08-24
parameter-scale-100m-1b-v1,300m,12-tokens-per-parameter,partial-rope-25,288359418,0.813246410,0.005229132,3,0.990962,complete,2026-08-24
parameter-scale-100m-1b-v1,300m,12-tokens-per-parameter,qwen-gdn,308452026,0.799714404,-0.008302875,3,0.530690,complete,2026-08-24
parameter-scale-100m-1b-v1,300m,12-tokens-per-parameter,situ-glu,288369658,0.809655628,0.001638350,3,0.929073,complete,2026-08-24
parameter-scale-100m-1b-v1,300m,12-tokens-per-parameter,xielu,288359450,0.807182928,-0.000834351,3,0.941820,complete,2026-08-24
parameter-scale-100m-1b-v1,1b,12-tokens-per-parameter,baseline,1006636122,0.709847804,0.000000000,3,1.000000,complete,2026-08-24
parameter-scale-100m-1b-v1,1b,12-tokens-per-parameter,attnres,1006769177,0.706121640,-0.003726164,3,0.682365,complete,2026-08-24
parameter-scale-100m-1b-v1,1b,12-tokens-per-parameter,gated-attention,1007160410,0.709346108,-0.000501695,3,0.987936,complete,2026-08-24
parameter-scale-100m-1b-v1,1b,12-tokens-per-parameter,glm-mla,947915866,0.714892474,0.005044671,3,1.097676,complete,2026-08-24
parameter-scale-100m-1b-v1,1b,12-tokens-per-parameter,kda,1013666778,0.710720824,0.000873020,3,0.600192,complete,2026-08-24
parameter-scale-100m-1b-v1,1b,12-tokens-per-parameter,situ-glu,1006668890,0.713654071,0.003806267,3,0.933658,complete,2026-08-24
