step,training_tokens,quarter_cross_entropy,full_cross_entropy,quarter_cross_entropy_smoothed,full_cross_entropy_smoothed,quarter_mtp_loss,full_mtp_loss,quarter_grad_norm,full_grad_norm,learning_rate
1,1048576,12.681394577026367,13.44591999053955,12.681394577026367,13.44591999053955,1.2673524618148804,1.3456966876983643,26.333202362060547,92.43212890625,5.2428486441158384e-08
2,2097152,12.679936408996582,13.44753646850586,12.680665493011475,13.446728229522705,1.267146110534668,1.3458030223846436,27.27715492248535,93.57392120361328,1.0485697288231677e-07
3,3145728,12.680665969848633,13.447342872619629,12.680665651957193,13.446933110555014,1.2673873901367188,1.345949411392212,26.690940856933594,93.07209777832031,1.5728545577076147e-07
4,4194304,12.680791854858398,13.447137832641602,12.680697202682495,13.44698429107666,1.2674815654754639,1.3456834554672241,26.59670639038086,92.49517822265625,2.0971394576463354e-07
5,5242880,12.681342124938965,13.44681453704834,12.680826187133789,13.446950340270996,1.2672704458236694,1.3455309867858887,26.942840576171875,93.88239288330078,2.621424357585056e-07
6,6291456,12.681317329406738,13.443894386291504,12.680908044179281,13.446441014607748,1.2673643827438354,1.3457622528076172,25.97916030883789,91.0379409790039,3.1457091154152295e-07
7,7340032,12.681192398071289,13.445173263549805,12.680948666163854,13.446259907313756,1.2672908306121826,1.345888614654541,26.350576400756836,92.80857849121094,3.669994157462497e-07
8,8388608,12.681661605834961,13.444153785705566,12.681037783622742,13.445996642112732,1.2673749923706055,1.3456876277923584,27.40582847595215,94.45478820800781,4.1942789152926707e-07
9,9437184,12.681802749633789,13.444355010986328,12.681122779846191,13.445814238654243,1.2673159837722778,1.3455681800842285,25.722061157226562,91.63529205322266,4.7185639573399385e-07
10,10485760,12.68083381652832,13.446457862854004,12.681093883514404,13.445878601074218,1.2671988010406494,1.345444679260254,26.755138397216797,91.32947540283203,5.242848715170112e-07
11,11534336,12.681199073791504,13.44352912902832,12.681103446266867,13.44566501270641,1.2673808336257935,1.3457380533218384,25.5012149810791,90.75035858154297,5.76713375721738e-07
12,12582912,12.680668830871582,13.447478294372559,12.68106722831726,13.445816119511923,1.2672474384307861,1.346248745918274,25.874359130859375,92.07363891601562,6.291418230830459e-07
13,13631488,12.682540893554688,13.446684837341309,12.681180587181679,13.445882943960337,1.2673521041870117,1.345928430557251,26.651851654052734,91.91505432128906,6.815703272877727e-07
14,14680064,12.681949615478516,13.445984840393066,12.68123551777431,13.44589022227696,1.2673518657684326,1.3460333347320557,26.64386558532715,92.7380142211914,7.339988314924994e-07
15,15728640,12.680788040161133,13.445816993713379,12.681205685933431,13.44588534037272,1.267378568649292,1.345577359199524,25.56375503540039,91.33238220214844,7.864273356972262e-07
16,16777216,12.681164741516113,13.446024894714355,12.681203126907349,13.445894062519073,1.26731276512146,1.3456141948699951,25.383018493652344,90.38813018798828,8.388557830585341e-07
17,17825792,12.681941032409668,13.443388938903809,12.681246533113367,13.44574670230641,1.2673295736312866,1.3455003499984741,25.201642990112305,89.84893035888672,8.912842872632609e-07
18,18874368,12.68210506439209,13.446359634399414,12.681294229295519,13.445780754089355,1.267322063446045,1.345834732055664,26.496871948242188,92.0949478149414,9.437127914679877e-07
19,19922944,12.680904388427734,13.446640968322754,12.681273711355109,13.445826028522692,1.267289161682129,1.3461081981658936,27.98826789855957,96.1573486328125,9.961412388292956e-07
20,20971520,12.679750442504883,13.442520141601562,12.681197547912598,13.445660734176636,1.267325520515442,1.3458621501922607,25.619678497314453,90.27208709716797,1.0485697430340224e-06
21,22020096,12.680469512939453,13.440999984741211,12.681151294708252,13.445414733886718,1.2673078775405884,1.3457136154174805,25.564983367919922,90.4222183227539,1.1009982472387492e-06
22,23068672,12.681966781616211,13.441810607910156,12.681252813339233,13.445128440856934,1.2671864032745361,1.3454585075378418,25.44767189025879,90.92147827148438,1.153426751443476e-06
23,24117248,12.681904792785645,13.437957763671875,12.681314754486085,13.444659185409545,1.2672464847564697,1.3456459045410156,26.616992950439453,94.35337829589844,1.2058552556482027e-06
24,25165824,12.682005882263184,13.442461013793945,12.681375455856323,13.444425344467163,1.2673420906066895,1.3459267616271973,26.716068267822266,92.34173583984375,1.2582836461660918e-06
25,26214400,12.680362701416016,13.437492370605469,12.681326484680175,13.44395923614502,1.2673258781433105,1.3457813262939453,27.553640365600586,93.12598419189453,1.3107121503708186e-06
26,27262976,12.680051803588867,13.439722061157227,12.681263208389282,13.443750619888306,1.2672123908996582,1.3454877138137817,26.122346878051758,91.50497436523438,1.3631406545755453e-06
27,28311552,12.680421829223633,13.439844131469727,12.681224679946899,13.443484163284301,1.2672728300094604,1.3454612493515015,27.45092010498047,94.05674743652344,1.4155691587802721e-06
28,29360128,12.678091049194336,13.438765525817871,12.681046152114869,13.443214750289917,1.2670090198516846,1.3458349704742432,26.629653930664062,92.35494232177734,1.467997662984999e-06
29,30408704,12.679859161376953,13.434141159057617,12.680948972702026,13.442704057693481,1.2671308517456055,1.345563292503357,26.437803268432617,92.74302673339844,1.5204261671897257e-06
30,31457280,12.679865837097168,13.434041023254395,12.680900573730469,13.4420832157135,1.2672170400619507,1.3450651168823242,26.526527404785156,91.8936767578125,1.5728546713944525e-06
31,32505856,12.679990768432617,13.432754516601562,12.680840158462525,13.441544485092162,1.2671257257461548,1.3452039957046509,26.040884017944336,91.36524200439453,1.6252830619123415e-06
32,33554432,12.678750991821289,13.432001113891602,12.68074426651001,13.440770626068115,1.2670443058013916,1.345273494720459,25.436023712158203,90.3271255493164,1.6777115661170683e-06
33,34603008,12.678842544555664,13.431196212768555,12.680559349060058,13.439996194839477,1.2671432495117188,1.3455177545547485,28.01401710510254,93.88351440429688,1.730140070321795e-06
34,35651584,12.679086685180664,13.428909301757812,12.680416202545166,13.439142417907714,1.267206072807312,1.3451783657073975,26.127120971679688,91.41780853271484,1.7825685745265218e-06
35,36700160,12.677974700927734,13.427166938781738,12.680275535583496,13.438209915161133,1.2669718265533447,1.345075249671936,26.50707244873047,92.17861938476562,1.8349970787312486e-06
36,37748736,12.677885055541992,13.426292419433594,12.68011155128479,13.437223291397094,1.2669426202774048,1.344956398010254,25.57467269897461,90.68840789794922,1.8874255829359754e-06
37,38797312,12.676126480102539,13.422061920166016,12.679820823669434,13.436156940460204,1.2668787240982056,1.3451303243637085,25.955215454101562,91.0208740234375,1.9398539734538645e-06
38,39845888,12.676215171813965,13.419232368469238,12.679526329040527,13.434800577163696,1.266903281211853,1.3452887535095215,26.296545028686523,91.4324722290039,1.9922824776585912e-06
39,40894464,12.674510955810547,13.41590404510498,12.679206657409669,13.433263731002807,1.2668893337249756,1.3448171615600586,26.224424362182617,90.72476196289062,2.044710981863318e-06
40,41943040,12.676020622253418,13.413354873657227,12.679020166397095,13.43180546760559,1.2667518854141235,1.3446625471115112,25.732515335083008,90.76289367675781,2.097139486068045e-06
41,42991616,12.674721717834473,13.410097122192383,12.678732776641846,13.43026032447815,1.266793131828308,1.3443573713302612,25.580486297607422,90.2820816040039,2.1495679902727716e-06
42,44040192,12.673612594604492,13.404245376586914,12.67831506729126,13.428382062911988,1.2666229009628296,1.3446403741836548,26.554277420043945,91.89466857910156,2.2019964944774983e-06
43,45088768,12.673782348632812,13.400812149047852,12.677908945083619,13.426524782180786,1.266562581062317,1.3444256782531738,26.933055877685547,94.16067504882812,2.254424998682225e-06
44,46137344,12.671597480773926,13.400028228759766,12.677388525009155,13.424403142929076,1.266445517539978,1.3441814184188843,25.603296279907227,90.17232513427734,2.306853502886952e-06
45,47185920,12.670343399047852,13.391032218933105,12.676887559890748,13.422080135345459,1.2663185596466064,1.3440601825714111,26.20639991760254,91.03872680664062,2.3592820070916787e-06
46,48234496,12.669299125671387,13.385284423828125,12.676349925994874,13.419358253479004,1.2664003372192383,1.343932867050171,25.645849227905273,89.97920989990234,2.4117105112964055e-06
47,49283072,12.667369842529297,13.384025573730469,12.675697326660156,13.416567325592041,1.2662906646728516,1.3437280654907227,27.695350646972656,98.29313659667969,2.4641390155011322e-06
48,50331648,12.667373657226562,13.375723838806152,12.675161457061767,13.413415241241456,1.2662346363067627,1.3435251712799072,27.10320472717285,92.97998046875,2.5165672923321836e-06
49,51380224,12.667130470275879,13.370345115661621,12.674525022506714,13.410225439071656,1.2662348747253418,1.3436819314956665,26.544498443603516,91.43781280517578,2.5689957965369103e-06
50,52428800,12.66752815246582,13.365582466125488,12.673908138275147,13.40680251121521,1.26622474193573,1.3430876731872559,26.684131622314453,92.7367935180664,2.621424300741637e-06
51,53477376,12.66474723815918,13.365583419799805,12.673145961761474,13.403443956375122,1.2658751010894775,1.3429869413375854,25.02507972717285,89.8379898071289,2.673852804946364e-06
52,54525952,12.661163330078125,13.345185279846191,12.672266578674316,13.399103164672852,1.2657716274261475,1.3427584171295166,27.76679039001465,95.13176727294922,2.7262813091510907e-06
53,55574528,12.661952018737793,13.352489471435547,12.671422052383424,13.395167827606201,1.2657577991485596,1.3426144123077393,24.958370208740234,89.2227783203125,2.7787098133558175e-06
54,56623104,12.659780502319336,13.337400436401367,12.670456743240356,13.39059238433838,1.2655385732650757,1.342079997062683,25.484682083129883,91.07589721679688,2.8311383175605442e-06
55,57671680,12.657970428466797,13.330334663391113,12.66945652961731,13.385750770568848,1.2654445171356201,1.3417874574661255,25.484025955200195,90.4955062866211,2.883566821765271e-06
56,58720256,12.656431198120117,13.323110580444336,12.668383836746216,13.380591678619385,1.2653392553329468,1.3415354490280151,25.493480682373047,89.9119873046875,2.935995325969998e-06
57,59768832,12.656498908996582,13.314041137695312,12.667402458190917,13.37519063949585,1.265038251876831,1.3413305282592773,26.703861236572266,94.04672241210938,2.9884238301747246e-06
58,60817408,12.654378890991211,13.30757999420166,12.66631064414978,13.36960802078247,1.2649918794631958,1.3410905599594116,25.38567352294922,90.46952056884766,3.0408523343794513e-06
59,61865984,12.652963638305664,13.298123359680176,12.665233278274536,13.36371898651123,1.2649012804031372,1.3409152030944824,25.090469360351562,90.60549926757812,3.093280838584178e-06
60,62914560,12.651102066040039,13.283483505249023,12.663987350463866,13.35722541809082,1.264979600906372,1.3406199216842651,25.5419864654541,90.16190338134766,3.145709342788905e-06
61,63963136,12.651684761047363,13.281818389892578,12.662835502624512,13.35081148147583,1.2647684812545776,1.3404091596603394,26.09090805053711,93.15613555908203,3.1981378469936317e-06
62,65011712,12.648124694824219,13.27275276184082,12.661561107635498,13.344236850738525,1.2645726203918457,1.3400769233703613,25.333280563354492,90.8917465209961,3.250566123824683e-06
63,66060288,12.645988464355469,13.265096664428711,12.660171413421631,13.337451076507568,1.2643554210662842,1.339638590812683,24.996553421020508,89.34043884277344,3.30299462802941e-06
64,67108864,12.644092559814453,13.24992561340332,12.658796167373657,13.329945945739746,1.2643691301345825,1.3394019603729248,25.40410804748535,91.78317260742188,3.3554231322341366e-06
65,68157440,12.642526626586914,13.240745544433594,12.65740532875061,13.322431612014771,1.2642576694488525,1.3392244577407837,25.054302215576172,89.54817962646484,3.4078516364388634e-06
66,69206016,12.640233993530273,13.228227615356445,12.655952072143554,13.314578771591187,1.2637557983398438,1.3390016555786133,25.346643447875977,90.1877670288086,3.46028014064359e-06
67,70254592,12.638372421264648,13.216219902038574,12.654502201080323,13.306188488006592,1.2637672424316406,1.3386931419372559,25.018218994140625,90.24453735351562,3.512708644848317e-06
68,71303168,12.635638236999512,13.19503116607666,12.652915430068969,13.297153854370118,1.2634479999542236,1.3381123542785645,25.405702590942383,91.63166809082031,3.5651371490530437e-06
69,72351744,12.633682250976562,13.191293716430664,12.651243019104005,13.288201284408569,1.2634751796722412,1.3378984928131104,25.254709243774414,90.311767578125,3.6175656532577705e-06
70,73400320,12.63233757019043,13.172430038452148,12.649483489990235,13.278543663024902,1.2632741928100586,1.3371913433074951,25.689952850341797,91.62416076660156,3.6699941574624972e-06
71,74448896,12.63007926940918,13.174015045166016,12.647750091552734,13.268965244293213,1.2630600929260254,1.3369832038879395,24.79784393310547,88.83793640136719,3.722422661667224e-06
72,75497472,12.628639221191406,13.163599014282227,12.646123886108398,13.259885931015015,1.2629621028900146,1.3367836475372314,24.95172882080078,89.210693359375,3.774851165871951e-06
73,76546048,12.625078201293945,13.134464263916016,12.644280195236206,13.248984670639038,1.26254403591156,1.336332082748413,26.475200653076172,92.83171081542969,3.8272796700766776e-06
74,77594624,12.620317459106445,13.128525733947754,12.642307043075562,13.238540935516358,1.2624733448028564,1.3358888626098633,25.256196975708008,89.28050231933594,3.879707946907729e-06
75,78643200,12.621564865112305,13.126882553100586,12.640486764907838,13.228368330001832,1.2623318433761597,1.3355183601379395,24.850269317626953,89.15162658691406,3.932136678486131e-06
76,79691776,12.617632865905762,13.094015121459961,12.63854684829712,13.216913557052612,1.2621299028396606,1.3347632884979248,25.581687927246094,89.0817642211914,3.9845649553171825e-06
77,80740352,12.61426830291748,13.08336353302002,12.636435317993165,13.205379676818847,1.2618391513824463,1.33453369140625,24.931140899658203,89.83023071289062,4.036993686895585e-06
78,81788928,12.611507415771484,13.072443008422852,12.634291744232177,13.193622827529907,1.2614825963974,1.3337733745574951,25.686594009399414,91.02687072753906,4.089421963726636e-06
79,82837504,12.611021995544434,13.070055961608887,12.632194662094117,13.182219457626342,1.261464238166809,1.3338123559951782,24.533823013305664,89.46022033691406,4.141850695305038e-06
80,83886080,12.606170654296875,13.044451713562012,12.629948091506957,13.170267868041993,1.2612180709838867,1.332966923713684,25.461210250854492,90.91999816894531,4.19427897213609e-06
81,84934656,12.603870391845703,13.034516334533691,12.627557373046875,13.157902765274049,1.2610441446304321,1.3328138589859009,24.879175186157227,89.522705078125,4.246707703714492e-06
82,85983232,12.600441932678223,12.997753143310547,12.625173234939576,13.144152784347535,1.2607239484786987,1.3323630094528198,25.741985321044922,90.73546600341797,4.299135980545543e-06
83,87031808,12.599474906921387,13.000738143920898,12.622847557067871,13.130934858322144,1.2604682445526123,1.331822395324707,25.080177307128906,89.3067398071289,4.3515642573765945e-06
84,88080384,12.597253799438477,12.988675117492676,12.620505619049073,13.117872333526611,1.2604880332946777,1.3314988613128662,24.68966293334961,88.79003143310547,4.403992988954997e-06
85,89128960,12.59383773803711,12.97807502746582,12.618071174621582,13.104738807678222,1.2599941492080688,1.3310543298721313,25.044233322143555,90.53821563720703,4.456421265786048e-06
86,90177536,12.591023445129395,12.946516036987305,12.615610647201539,13.090653228759766,1.2598835229873657,1.3306543827056885,25.691747665405273,89.93831634521484,4.50884999736445e-06
87,91226112,12.586139678955078,12.931118965148926,12.61299901008606,13.076398181915284,1.259416103363037,1.330195426940918,25.705095291137695,92.53579711914062,4.561278274195502e-06
88,92274688,12.583372116088867,12.923280715942383,12.610385704040528,13.06281065940857,1.259257197380066,1.329718828201294,24.979310989379883,89.43309020996094,4.613707005773904e-06
89,93323264,12.579994201660156,12.894018173217773,12.607701301574707,13.047946882247924,1.2590562105178833,1.3290873765945435,25.95138168334961,90.87380981445312,4.666135282604955e-06
90,94371840,12.575159072875977,12.874016761779785,12.604842376708984,13.033026218414307,1.2587082386016846,1.3277621269226074,25.810150146484375,89.67778778076172,4.718564014183357e-06
91,95420416,12.571966171264648,12.856060028076172,12.601936721801758,13.017128467559814,1.2583117485046387,1.3274810314178467,25.901418685913086,89.72101593017578,4.770992291014409e-06
92,96468992,12.568986892700195,12.849306106567383,12.598954105377198,13.001413822174072,1.257896900177002,1.327080488204956,25.25298309326172,89.45783996582031,4.823421022592811e-06
93,97517568,12.565713882446289,12.811140060424805,12.595985889434814,12.985247611999512,1.2576124668121338,1.3263362646102905,26.3241024017334,91.0631332397461,4.875849299423862e-06
94,98566144,12.56120491027832,12.788946151733398,12.593030261993409,12.968268632888794,1.2575808763504028,1.3258776664733887,26.104631423950195,90.860595703125,4.9282780310022645e-06
95,99614720,12.559747695922852,12.807168006896973,12.589939403533936,12.952282905578613,1.2574677467346191,1.3258156776428223,25.40313720703125,88.58350372314453,4.980706307833316e-06
96,100663296,12.555689811706543,12.774635314941406,12.586842250823974,12.936313915252686,1.2570629119873047,1.325024127960205,25.64701271057129,90.53998565673828,5.033134584664367e-06
97,101711872,12.551630020141602,12.752270698547363,12.583710336685181,12.919759273529053,1.2567167282104492,1.3243159055709839,26.31381607055664,90.96163940429688,5.085563316242769e-06
98,102760448,12.548755645751953,12.73019027709961,12.580572748184204,12.90264663696289,1.256535291671753,1.3236579895019531,25.901567459106445,90.66380310058594,5.137991593073821e-06
99,103809024,12.543903350830078,12.697175979614258,12.577216815948486,12.884002637863158,1.2561471462249756,1.3226518630981445,25.95916748046875,90.2326889038086,5.190420324652223e-06
100,104857600,12.5416259765625,12.69464111328125,12.573989582061767,12.866512107849122,1.25590980052948,1.3224012851715088,26.710203170776367,92.5537338256836,5.242848601483274e-06
101,105906176,12.538505554199219,12.67922306060791,12.570721340179443,12.848747444152831,1.2555980682373047,1.3222273588180542,26.13385009765625,90.09843444824219,5.2952773330616765e-06
102,106954752,12.533366203308105,12.643007278442383,12.567367553710938,12.831010150909425,1.2552508115768433,1.3210740089416504,26.00457191467285,89.64436340332031,5.347705609892728e-06
103,108003328,12.530008316040039,12.615429878234863,12.56389422416687,12.811744737625123,1.2552556991577148,1.320614218711853,26.168527603149414,90.46173095703125,5.40013434147113e-06
104,109051904,12.529624938964844,12.621830940246582,12.560512781143188,12.793402528762817,1.2546542882919312,1.3201289176940918,25.970844268798828,89.97518920898438,5.452562618302181e-06
105,110100480,12.527763366699219,12.616559028625488,12.557209062576295,12.7753267288208,1.2546558380126953,1.3199175596237183,25.33860206604004,88.73412322998047,5.504991349880584e-06
106,111149056,12.523815155029297,12.601946830749512,12.55384864807129,12.758098268508911,1.2542349100112915,1.319028377532959,25.48430824279785,88.9072265625,5.557419626711635e-06
107,112197632,12.521394729614258,12.571704864501953,12.550611400604248,12.740127563476562,1.2542024850845337,1.3186992406845093,25.43391990661621,88.3118896484375,5.609848358290037e-06
108,113246208,12.515939712524414,12.550795555114746,12.547239780426025,12.721503305435181,1.2538162469863892,1.3176321983337402,26.007553100585938,89.30882263183594,5.6622766351210885e-06
109,114294784,12.509737014770508,12.526288986206055,12.543726921081543,12.703116846084594,1.2531777620315552,1.317178726196289,26.04437828063965,90.26154327392578,5.714705366699491e-06
110,115343360,12.50462818145752,12.502367973327637,12.54020037651062,12.684534406661987,1.2528941631317139,1.3164576292037964,27.156579971313477,91.92494201660156,5.767133643530542e-06
111,116391936,12.499831199645996,12.458030700683594,12.536593627929687,12.664632940292359,1.2522350549697876,1.315567135810852,26.13944435119629,89.66786193847656,5.819561920361593e-06
112,117440512,12.493751525878906,12.43327522277832,12.532831859588622,12.643831396102906,1.251977562904358,1.315066933631897,26.416593551635742,88.91211700439453,5.871990651939996e-06
113,118489088,12.495109558105469,12.449655532836914,12.529301643371582,12.62575716972351,1.2519344091415405,1.3145885467529297,26.406591415405273,89.0138931274414,5.924418928771047e-06
114,119537664,12.489298820495605,12.417293548583984,12.525706338882447,12.60717453956604,1.25154447555542,1.313912034034729,26.184154510498047,88.24053192138672,5.976847660349449e-06
115,120586240,12.48960018157959,12.420077323913574,12.522198963165284,12.58782000541687,1.251452922821045,1.3132035732269287,25.983333587646484,88.67558288574219,6.0292759371805005e-06
116,121634816,12.483144760131836,12.369535446166992,12.518571710586547,12.56756501197815,1.2508857250213623,1.3124278783798218,26.810884475708008,90.44906616210938,6.081704668758903e-06
117,122683392,12.47768783569336,12.355977058410645,12.514874601364136,12.547750329971313,1.2504537105560303,1.3119168281555176,27.16564178466797,90.23188781738281,6.134132945589954e-06
118,123731968,12.469742774963379,12.302680969238281,12.510923957824707,12.526374864578248,1.2499300241470337,1.3105430603027344,27.34407615661621,91.05498504638672,6.186561677168356e-06
119,124780544,12.468994140625,12.309901237487793,12.507178497314452,12.507011127471923,1.2500178813934326,1.310153603553772,26.937721252441406,89.4771957397461,6.238989953999408e-06
120,125829120,12.464138984680176,12.2850341796875,12.503304147720337,12.486530780792236,1.2492457628250122,1.3094472885131836,26.967754364013672,90.5589599609375,6.29141868557781e-06
121,126877696,12.46681022644043,12.30059814453125,12.499719381332397,12.467599534988404,1.2493631839752197,1.3093681335449219,26.608842849731445,89.01717376708984,6.343846962408861e-06
122,127926272,12.455550193786621,12.230789184570312,12.495828580856323,12.4469886302948,1.2486867904663086,1.307657241821289,26.889062881469727,89.24577331542969,6.396275693987263e-06
123,128974848,12.45268440246582,12.23298168182373,12.491962385177612,12.427866220474243,1.2481646537780762,1.3074394464492798,27.21351432800293,89.93701171875,6.448703970818315e-06
124,130023424,12.439041137695312,12.144012451171875,12.487433195114136,12.403975296020509,1.2474899291992188,1.305729866027832,27.316497802734375,89.89933013916016,6.501132247649366e-06
125,131072000,12.441854476928711,12.155208587646484,12.48313775062561,12.380907773971558,1.2473700046539307,1.3053890466690063,27.92289924621582,90.50611114501953,6.553560979227768e-06
126,132120576,12.436966896057129,12.135514259338379,12.478795337677003,12.357586145401001,1.247204303741455,1.3049687147140503,27.514324188232422,89.53484344482422,6.60598925605882e-06
127,133169152,12.427715301513672,12.091794967651367,12.474111366271973,12.333590650558472,1.24640691280365,1.303381085395813,27.59135627746582,89.8504409790039,6.658417987637222e-06
128,134217728,12.427101135253906,12.096424102783203,12.469669437408447,12.310872077941895,1.2462507486343384,1.3030354976654053,28.05447006225586,89.63927459716797,6.710846264468273e-06
129,135266304,12.422090530395508,12.068607330322266,12.465287113189698,12.287987995147706,1.2458431720733643,1.302382230758667,27.505178451538086,89.6529312133789,6.763274996046675e-06
130,136314880,12.415528297424316,12.033173561096191,12.460832118988037,12.264528274536133,1.245552897453308,1.3013792037963867,28.787172317504883,90.91020202636719,6.815703272877727e-06
131,137363456,12.40827465057373,12.000860214233398,12.456254291534425,12.241669750213623,1.2448008060455322,1.3005425930023193,28.17439079284668,90.45059967041016,6.868132004456129e-06
132,138412032,12.403340339660645,11.973662376403809,12.451733732223511,12.218689107894898,1.2441272735595703,1.2994985580444336,28.650535583496094,90.45637512207031,6.92056028128718e-06
133,139460608,12.404291152954102,11.9635009765625,12.447192811965943,12.194381380081177,1.2443126440048218,1.2992792129516602,28.623645782470703,90.19722747802734,6.9729890128655825e-06
134,140509184,12.392192840576172,11.926506996154785,12.44233751296997,12.169842052459718,1.2433183193206787,1.2976393699645996,29.799640655517578,93.03233337402344,7.025417289696634e-06
135,141557760,12.384785652160645,11.874900817871094,12.437096786499023,12.142583227157592,1.2427904605865479,1.2964739799499512,28.672073364257812,90.43583679199219,7.077846021275036e-06
136,142606336,12.381492614746094,11.849613189697266,12.432014179229736,12.116587114334106,1.2427066564559937,1.2958245277404785,29.23070526123047,90.15619659423828,7.130274298106087e-06
137,143654912,12.38488483428955,11.879776000976562,12.427374029159546,12.092777061462403,1.2426254749298096,1.2959073781967163,29.46254539489746,90.94776916503906,7.182702574937139e-06
138,144703488,12.371706008911133,11.811273574829102,12.422472190856933,12.068206691741944,1.2416235208511353,1.2940908670425415,29.921161651611328,90.75540924072266,7.235131306515541e-06
139,145752064,12.365792274475098,11.780143737792969,12.417312097549438,12.041718816757202,1.2410539388656616,1.2934635877609253,29.783443450927734,90.41217803955078,7.287559583346592e-06
140,146800640,12.357866287231445,11.738353729248047,12.411998462677001,12.01438479423523,1.2405498027801514,1.2923107147216797,30.604904174804688,92.9953384399414,7.3399883149249945e-06
141,147849216,12.348848342895508,11.699518203735352,12.406100368499756,11.984330797195435,1.2400974035263062,1.291154384613037,30.513402938842773,90.8541259765625,7.392416591756046e-06
142,148897792,12.352632522583008,11.694549560546875,12.400954484939575,11.957518815994263,1.240049123764038,1.2908324003219604,32.923030853271484,91.36951446533203,7.444845323334448e-06
143,149946368,12.34496784210205,11.658730506896973,12.395568656921387,11.928806257247924,1.2395251989364624,1.290208339691162,30.998302459716797,92.24414825439453,7.497273600165499e-06
144,150994944,12.331947326660156,11.598085403442383,12.390213966369629,11.90150990486145,1.2384562492370605,1.2880091667175293,32.97840881347656,99.5510025024414,7.549702331743902e-06
145,152043520,12.33585262298584,11.619586944580078,12.384913873672485,11.87472882270813,1.2385936975479126,1.288353681564331,30.606719970703125,90.39396667480469,7.602130608574953e-06
146,153092096,12.328943252563477,11.572908401489258,12.379512691497803,11.846598529815674,1.2382054328918457,1.2870303392410278,30.545759201049805,90.78665161132812,7.654559340153355e-06
147,154140672,12.312745094299316,11.508115768432617,12.373764181137085,11.817414569854737,1.2368651628494263,1.2848811149597168,31.48590850830078,91.62700653076172,7.706988071731757e-06
148,155189248,12.318363189697266,11.519682884216309,12.368327283859253,11.788577508926391,1.237344741821289,1.2853926420211792,31.124643325805664,91.11003875732422,7.759415893815458e-06
149,156237824,12.308921813964844,11.481760025024414,12.36266884803772,11.759235143661499,1.2364134788513184,1.2839583158493042,31.163423538208008,91.17987823486328,7.81184462539386e-06
150,157286400,12.29947280883789,11.446479797363281,12.356866073608398,11.729900455474853,1.2357397079467773,1.2830239534378052,32.496856689453125,93.51437377929688,7.864273356972262e-06
151,158334976,12.297285079956055,11.41778564453125,12.351316595077515,11.700746726989745,1.2352452278137207,1.2820450067520142,32.08824157714844,92.96233367919922,7.916701179055963e-06
152,159383552,12.29388427734375,11.408646583557129,12.34584379196167,11.672495937347412,1.2351692914962769,1.2810965776443481,31.946374893188477,90.8067855834961,7.969129910634365e-06
153,160432128,12.283714294433594,11.359569549560547,12.339814949035645,11.642299365997314,1.2343132495880127,1.279537558555603,32.90877151489258,91.36576843261719,8.021558642212767e-06
154,161480704,12.281211853027344,11.328499794006348,12.334265899658202,11.612399005889893,1.2339532375335693,1.2796697616577148,32.58386993408203,91.48179626464844,8.07398737379117e-06
155,162529280,12.278960227966309,11.32211685180664,12.328974628448487,11.58475980758667,1.2337918281555176,1.2786153554916382,32.89680480957031,90.628662109375,8.12641519587487e-06
156,163577856,12.267730712890625,11.266918182373047,12.323286533355713,11.555625057220459,1.2329505681991577,1.2769241333007812,32.943424224853516,90.6468276977539,8.178843927453272e-06
157,164626432,12.258393287658691,11.232707023620605,12.31696195602417,11.523271608352662,1.2322392463684082,1.275894045829773,32.87474822998047,90.51643371582031,8.231272659031674e-06
158,165675008,12.242803573608398,11.178021430969238,12.310516834259033,11.491609001159668,1.2309818267822266,1.273640751838684,34.2354621887207,91.96475982666016,8.283701390610076e-06
159,166723584,12.242440223693848,11.142318725585938,12.304349231719971,11.459717750549316,1.2308056354522705,1.272909164428711,33.58266067504883,91.02068328857422,8.336129212693777e-06
160,167772160,12.240428924560547,11.148073196411133,12.298477363586425,11.430203723907471,1.230498194694519,1.2723424434661865,33.96317672729492,90.65221405029297,8.38855794427218e-06
161,168820736,12.226020812988281,11.082233428955078,12.292335987091064,11.399339485168458,1.2293636798858643,1.2705557346343994,35.643882751464844,94.2313003540039,8.440986675850581e-06
162,169869312,12.212742805480957,11.036698341369629,12.285341501235962,11.366446924209594,1.2286555767059326,1.2687684297561646,35.50020980834961,93.66886901855469,8.493415407428984e-06
163,170917888,12.218839645385742,11.041217803955078,12.279035091400146,11.3355712890625,1.22869873046875,1.2694833278656006,35.05665588378906,90.26628875732422,8.545843229512684e-06
164,171966464,12.216565132141113,11.020329475402832,12.273265981674195,11.306683492660522,1.228570580482483,1.268272876739502,35.0564079284668,91.71733093261719,8.598271961091086e-06
165,173015040,12.195512771606445,10.942334175109863,12.266248989105225,11.272820854187012,1.2266058921813965,1.2655837535858154,35.56969451904297,90.39141082763672,8.650700692669488e-06
166,174063616,12.179365158081055,10.883742332458496,12.258770084381103,11.238362550735474,1.225570559501648,1.263335108757019,36.50822830200195,89.95272827148438,8.703128514753189e-06
167,175112192,12.181753158569336,10.878798484802246,12.252220487594604,11.206896686553955,1.2258527278900146,1.2634046077728271,36.640995025634766,89.73239135742188,8.755557246331591e-06
168,176160768,12.170865058898926,10.827192306518555,12.244845581054687,11.172272157669067,1.225016713142395,1.2619229555130005,36.63032531738281,89.49702453613281,8.807985977909993e-06
169,177209344,12.159486770629883,10.792469024658203,12.23737382888794,11.137807607650757,1.224085807800293,1.2597628831863403,37.76778030395508,89.70852661132812,8.860414709488396e-06
170,178257920,12.150845527648926,10.760478973388672,12.229942464828492,11.103507566452027,1.2231805324554443,1.2590241432189941,37.67882537841797,90.39889526367188,8.912842531572096e-06
171,179306496,12.152544021606445,10.780582427978516,12.222705411911011,11.07164740562439,1.2232601642608643,1.2590067386627197,37.77903366088867,90.488525390625,8.965271263150498e-06
172,180355072,12.131935119628906,10.697686195373535,12.214607954025269,11.03609938621521,1.2218749523162842,1.2561850547790527,37.74029541015625,89.4177474975586,9.0176999947289e-06
173,181403648,12.136541366577148,10.712204933166504,12.207249307632447,11.003731155395508,1.2216928005218506,1.2560639381408691,38.1212158203125,90.09347534179688,9.070128726307303e-06
174,182452224,12.127059936523438,10.680427551269531,12.199541711807251,10.971327543258667,1.2210478782653809,1.2547959089279175,39.89671325683594,93.20780944824219,9.122556548391003e-06
175,183500800,12.111413955688477,10.620004653930664,12.19116439819336,10.936221933364868,1.219832420349121,1.252661108970642,38.77848815917969,91.44517517089844,9.174985279969405e-06
176,184549376,12.102699279785156,10.599837303161621,12.182912826538086,10.902867889404297,1.2193714380264282,1.2507028579711914,39.674949645996094,92.42044830322266,9.227414011547808e-06
177,185597952,12.095024108886719,10.57056999206543,12.174744367599487,10.869761037826539,1.2184932231903076,1.2495417594909668,39.01366424560547,91.47241973876953,9.27984274312621e-06
178,186646528,12.088329315185547,10.56994915008545,12.167020654678344,10.83935742378235,1.2181105613708496,1.248929738998413,40.31623840332031,92.46334075927734,9.33227056520991e-06
179,187695104,12.082204818725586,10.556501388549805,12.159008884429932,10.810066556930542,1.2173223495483398,1.2478134632110596,40.032135009765625,93.1833724975586,9.384699296788312e-06
180,188743680,12.077945709228516,10.529194831848145,12.15088472366333,10.779122638702393,1.2170954942703247,1.2468091249465942,40.26297378540039,94.06082153320312,9.437128028366715e-06
181,189792256,12.050540924072266,10.445984840393066,12.14211072921753,10.747310209274293,1.2148971557617188,1.2427195310592651,41.48329544067383,96.05733489990234,9.489555850450415e-06
182,190840832,12.034969329833984,10.407630920410156,12.13322205543518,10.715856838226319,1.2139687538146973,1.2406002283096313,41.51326370239258,96.86563110351562,9.541984582028817e-06
183,191889408,12.041936874389648,10.435352325439453,12.124376916885376,10.685563564300537,1.214168667793274,1.2414053678512573,41.36079025268555,97.3457260131836,9.59441331360722e-06
184,192937984,12.023940086364746,10.363090515136719,12.114745664596558,10.652701616287231,1.2129477262496948,1.2389734983444214,41.494449615478516,97.04912567138672,9.646842045185622e-06
185,193986560,12.019487380981445,10.354591369628906,12.105944395065308,10.623314476013183,1.2119839191436768,1.237647294998169,41.75477600097656,97.36329650878906,9.699269867269322e-06
186,195035136,12.013710975646973,10.35527515411377,12.097661685943603,10.596891117095947,1.2118992805480957,1.237479329109192,42.20441436767578,98.50996398925781,9.751698598847724e-06
187,196083712,11.993491172790527,10.278383255004883,12.088248586654663,10.56687035560608,1.210065484046936,1.2343112230300903,42.947601318359375,99.85388946533203,9.804127330426127e-06
188,197132288,11.98902416229248,10.26010799407959,12.079156541824341,10.53851613998413,1.2098093032836914,1.2331202030181885,42.85905075073242,100.54432678222656,9.856556062004529e-06
189,198180864,11.973743438720703,10.2329740524292,12.069869375228881,10.51054139137268,1.2085016965866089,1.230769395828247,43.443267822265625,102.59700012207031,9.90898388408823e-06
190,199229440,11.97205924987793,10.219218254089355,12.060930061340333,10.483478355407716,1.2084943056106567,1.2300233840942383,43.20084762573242,100.8905258178711,9.961412615666632e-06
191,200278016,11.951969146728516,10.161142349243164,12.050901317596436,10.452506351470948,1.2065343856811523,1.227660894393921,43.72014236450195,101.79403686523438,1.0013841347245034e-05
192,201326592,11.95266342163086,10.162399291992188,12.041937732696534,10.42574200630188,1.2064887285232544,1.2277261018753052,43.33522415161133,99.66182708740234,1.0066269169328734e-05
193,202375168,11.942346572875977,10.13271427154541,12.032227993011475,10.396767473220825,1.2058366537094116,1.2260472774505615,44.18611145019531,99.4970932006836,1.0118697900907136e-05
194,203423744,11.927553176879883,10.08707332611084,12.022252655029297,10.36709976196289,1.2043383121490479,1.2236605882644653,43.69431686401367,99.97870635986328,1.0171126632485539e-05
195,204472320,11.923641204833984,10.084997177124023,12.012864017486573,10.340349388122558,1.2040666341781616,1.2230976819992065,43.62024688720703,99.82708740234375,1.0223555364063941e-05
196,205520896,11.907492637634277,10.020150184631348,12.003103685379028,10.311365032196045,1.202712059020996,1.2208266258239746,44.92235565185547,97.5598373413086,1.0275983186147641e-05
197,206569472,11.90510368347168,10.031753540039062,11.993607664108277,10.284424209594727,1.2025219202041626,1.2208492755889893,45.120487213134766,96.93360900878906,1.0328411917726044e-05
198,207618048,11.877229690551758,9.913315773010254,11.983052682876586,10.251592540740967,1.2003915309906006,1.215759515762329,45.680171966552734,96.60734558105469,1.0380840649304446e-05
199,208666624,11.866718292236328,9.908050537109375,11.972278356552124,10.219169998168946,1.1992419958114624,1.2143007516860962,45.815086364746094,95.16703796386719,1.0433269380882848e-05
200,209715200,11.86024284362793,9.884602546691895,11.961393213272094,10.186940383911132,1.1986109018325806,1.2140706777572632,46.387725830078125,95.28436279296875,1.0485697202966549e-05
201,210763776,11.847195625305176,9.845743179321289,11.95122594833374,10.156928300857544,1.1976759433746338,1.212066650390625,46.6188850402832,93.00128936767578,1.053812593454495e-05
202,211812352,11.840608596801758,9.847293853759766,11.941507911682129,10.128911447525024,1.196818470954895,1.2107820510864258,45.301490783691406,93.41047668457031,1.0590554666123353e-05
203,212860928,11.832608222961426,9.840117454528809,11.931041479110718,10.099149703979492,1.1963099241256714,1.2104756832122803,46.41324996948242,93.0859603881836,1.0642983397701755e-05
204,213909504,11.805976867675781,9.741894721984863,11.920143318176269,10.068089914321899,1.1942485570907593,1.2058663368225098,47.63512420654297,94.51903533935547,1.0695411219785456e-05
205,214958080,11.790571212768555,9.726558685302734,11.908697509765625,10.03668828010559,1.193415641784668,1.203454613685608,46.868377685546875,90.93061828613281,1.0747839951363858e-05
206,216006656,11.797119140625,9.748111724853516,11.897867918014526,10.006330108642578,1.192990779876709,1.2042824029922485,46.5628776550293,89.51836395263672,1.080026868294226e-05
207,217055232,11.771095275878906,9.685893058776855,11.886748123168946,9.976705598831177,1.1915022134780884,1.2008506059646606,48.00141906738281,90.53629302978516,1.085269650502596e-05
208,218103808,11.757951736450195,9.668126106262207,11.87519450187683,9.947106504440308,1.190346360206604,1.1990004777908325,47.80577850341797,88.59474182128906,1.0905125236604363e-05
209,219152384,11.739532470703125,9.60997200012207,11.863483953475953,9.915956401824952,1.1887305974960327,1.1956838369369507,48.0058479309082,88.43463134765625,1.0957553968182765e-05
210,220200960,11.724309921264648,9.573503494262695,11.851096487045288,9.883670663833618,1.1875789165496826,1.1941455602645874,47.905616760253906,89.44676208496094,1.1009982699761167e-05
211,221249536,11.720895767211914,9.575096130371094,11.839542818069457,9.854368352890015,1.186659574508667,1.1937175989151,48.30889129638672,88.54166412353516,1.1062410521844868e-05
212,222298112,11.702486991882324,9.553644180297852,11.827033996582031,9.823930597305297,1.1854050159454346,1.191007375717163,48.2010498046875,89.18592834472656,1.111483925342327e-05
213,223346688,11.688907623291016,9.519279479980469,11.814362049102783,9.79325885772705,1.184237003326416,1.1887965202331543,48.533321380615234,88.35143280029297,1.1167267985001672e-05
214,224395264,11.67898178100586,9.50815200805664,11.801933479309081,9.764312791824342,1.183382272720337,1.1880536079406738,48.82408142089844,88.50067901611328,1.1219696716580074e-05
215,225443840,11.667426109313965,9.466266632080078,11.789122724533081,9.733376264572144,1.1823365688323975,1.185056447982788,48.545196533203125,88.70072937011719,1.1272124538663775e-05
216,226492416,11.650373458862305,9.447936058044434,11.776266765594482,9.704765558242798,1.181086540222168,1.1829718351364136,48.23329544067383,88.12779998779297,1.1324553270242177e-05
217,227540992,11.626626968383789,9.388788223266602,11.762342929840088,9.672617292404174,1.1793403625488281,1.1795837879180908,49.570552825927734,90.02430725097656,1.137698200182058e-05
218,228589568,11.617130279541016,9.38953685760498,11.749337959289551,9.646428346633911,1.1781337261199951,1.1779162883758545,49.345184326171875,88.69830322265625,1.1429410733398981e-05
219,229638144,11.60567855834961,9.355649948120117,11.736285972595216,9.618808317184449,1.1774214506149292,1.1758532524108887,49.983985900878906,88.038330078125,1.1481838555482682e-05
220,230686720,11.588297843933105,9.319305419921875,11.722688722610474,9.590543460845947,1.1756082773208618,1.1735429763793945,49.904441833496094,88.5770263671875,1.1534267287061084e-05
221,231735296,11.565570831298828,9.294044494628906,11.708607482910157,9.562958526611329,1.1736109256744385,1.170870304107666,49.8172721862793,89.50700378417969,1.1586696018639486e-05
222,232783872,11.550711631774902,9.241992950439453,11.694112634658813,9.532693481445312,1.1725369691848755,1.1679110527038574,50.034244537353516,88.29537200927734,1.1639123840723187e-05
223,233832448,11.542325973510742,9.277012825012207,11.679598522186279,9.504538249969482,1.1717890501022339,1.1675854921340942,50.45784378051758,89.54806518554688,1.1691552572301589e-05
224,234881024,11.51960563659668,9.216623306274414,11.665279960632324,9.47827467918396,1.1703284978866577,1.1634715795516968,50.916236877441406,88.89747619628906,1.1743981303879991e-05
225,235929600,11.494292259216309,9.175451278686523,11.650466012954713,9.450719308853149,1.1678030490875244,1.1592378616333008,50.5080451965332,88.42792510986328,1.1796410035458393e-05
226,236978176,11.477529525756836,9.152639389038086,11.634486532211303,9.420945692062379,1.16712486743927,1.1575881242752075,51.38289260864258,89.8587646484375,1.1848837857542094e-05
227,238026752,11.47748851776123,9.121600151062012,11.61980619430542,9.392731046676635,1.1662613153457642,1.1566388607025146,50.81200408935547,88.05239868164062,1.1901266589120496e-05
228,239075328,11.461370468139648,9.124722480773926,11.604977130889893,9.365560865402221,1.1647295951843262,1.1544908285140991,51.31357192993164,87.4352798461914,1.1953695320698898e-05
229,240123904,11.44411849975586,9.096790313720703,11.59020643234253,9.339901781082153,1.1635615825653076,1.1518977880477905,51.541744232177734,94.22636413574219,1.20061240522773e-05
230,241172480,11.415260314941406,9.036605834960938,11.574753952026366,9.313056898117065,1.1610312461853027,1.1480042934417725,52.09731674194336,90.49459838867188,1.2058551874361001e-05
231,242221056,11.407855987548828,9.017505645751953,11.559101963043213,9.285177373886109,1.1599750518798828,1.1457551717758179,51.87683868408203,87.16476440429688,1.2110980605939403e-05
232,243269632,11.39514446258545,9.018245697021484,11.54373483657837,9.25840744972229,1.1590723991394043,1.1448519229888916,52.043643951416016,87.66488647460938,1.2163409337517805e-05
233,244318208,11.373294830322266,8.991503715515137,11.527954196929931,9.232018661499023,1.1572540998458862,1.141791820526123,52.742759704589844,88.61378479003906,1.2215837159601506e-05
234,245366784,11.355536460876465,8.947214126586914,11.511781930923462,9.203971767425537,1.1560850143432617,1.1388025283813477,53.22087478637695,89.46936798095703,1.2268265891179908e-05
235,246415360,11.34022045135498,8.902652740478516,11.495421648025513,9.17579107284546,1.1543800830841064,1.1357427835464478,53.128238677978516,86.41223907470703,1.232069462275831e-05
236,247463936,11.326761245727539,8.900869369506836,11.479241037368775,9.148437738418579,1.1533656120300293,1.1349270343780518,54.00630569458008,86.6602554321289,1.2373123354336713e-05
237,248512512,11.298063278198242,8.875493049621582,11.462812852859496,9.122772979736329,1.1510486602783203,1.1309258937835693,54.66302490234375,85.9211654663086,1.2425551176420413e-05
238,249561088,11.29601001739502,8.859559059143066,11.446756839752197,9.096274089813232,1.150567650794983,1.130118727684021,53.592899322509766,86.42980194091797,1.2477979907998815e-05
239,250609664,11.283182144165039,8.851030349731445,11.430632019042969,9.071043109893798,1.148913860321045,1.1270725727081299,54.80323791503906,85.0550765991211,1.2530408639577217e-05
240,251658240,11.232494354248047,8.758331298828125,11.412841844558717,9.042994403839112,1.1454635858535767,1.1213362216949463,56.16130065917969,84.30178833007812,1.258283737115562e-05
241,252706816,11.233874320983887,8.770416259765625,11.396257019042968,9.016812992095947,1.1452165842056274,1.120171308517456,56.1243782043457,85.16851043701172,1.263526519323932e-05
242,253755392,11.213930130004883,8.734664916992188,11.379417943954468,8.991446590423584,1.143310308456421,1.1180344820022583,56.80057907104492,86.45360565185547,1.2687693924817722e-05
243,254803968,11.222458839416504,8.78162670135498,11.363424587249757,8.966677284240722,1.1428954601287842,1.1191424131393433,56.30995559692383,83.56069946289062,1.2740122656396125e-05
244,255852544,11.175914764404297,8.691049575805664,11.346240043640137,8.940398597717286,1.1397861242294312,1.1118372678756714,56.75117492675781,83.24974822998047,1.2792551387974527e-05
245,256901120,11.160179138183594,8.672563552856445,11.3295343875885,8.915254211425781,1.1384823322296143,1.1092238426208496,56.816986083984375,82.12419891357422,1.2844979210058227e-05
246,257949696,11.144535064697266,8.657327651977539,11.312884664535522,8.890488624572754,1.1367673873901367,1.1074497699737549,58.50117492675781,82.47481536865234,1.289740794163663e-05
247,258998272,11.128822326660156,8.657257080078125,11.295451354980468,8.86727147102356,1.1347641944885254,1.1057826280593872,58.07444381713867,81.80288696289062,1.2949836673215032e-05
248,260046848,11.10279655456543,8.62855339050293,11.277522659301757,8.84246301651001,1.1331177949905396,1.1020760536193848,58.16437911987305,82.35831451416016,1.3002264495298732e-05
249,261095424,11.07076358795166,8.548215866088867,11.258854913711549,8.815034294128418,1.130673885345459,1.0964174270629883,59.69784164428711,82.47135925292969,1.3054693226877134e-05
250,262144000,11.057896614074707,8.572166442871094,11.240986728668213,8.791812324523926,1.1292012929916382,1.0955405235290527,58.6570930480957,80.53761291503906,1.3107121958455537e-05
251,263192576,11.044197082519531,8.51894474029541,11.222803783416747,8.766884279251098,1.127662181854248,1.0927035808563232,58.76854705810547,80.51210021972656,1.3159550690033939e-05
252,264241152,11.031854629516602,8.53674602508545,11.204639291763305,8.742809295654297,1.1259630918502808,1.0912609100341797,58.52429962158203,79.7783432006836,1.321197851211764e-05
