run_path,mode,backend_profile,optimization_recipe,seed,parameter_count,training_steps,training_tokens,final_bpb,tokens_per_second,measured_training_seconds,wall_seconds,source_commit,source_dirty,source_diff_sha256,megatron_commit,torch,cuda,triton_ptxas_path,accelerator,compute_capability
full/refinement-and-dp-sm103a-v1/clip005-s42,full,compile,grad-clip-005,42,9363488,286,112459776,1.517251313423806,1286916.5057529216,84.33151297294535,123.00240478105843,4d4149ce4745307837eaccc8866d480c7332127b,True,9a514c5fd40fd09abdf2bacbec2b3a065730090978f9a82eba55cd488360634c,55ac7082517c3878ae653c07c09c534b8aed49f6,2.9.1+cu128,12.8,/usr/local/cuda-13.0/bin/ptxas,NVIDIA B300,10.3
full/refinement-and-dp-sm103a-v1/clip015-s42,full,compile,grad-clip-015,42,9363488,286,112459776,1.5198368429334888,1223593.2844767876,88.69582513801288,128.61385607300326,4d4149ce4745307837eaccc8866d480c7332127b,True,9a514c5fd40fd09abdf2bacbec2b3a065730090978f9a82eba55cd488360634c,55ac7082517c3878ae653c07c09c534b8aed49f6,2.9.1+cu128,12.8,/usr/local/cuda-13.0/bin/ptxas,NVIDIA B300,10.3
full/refinement-and-dp-sm103a-v1/clip02-s42,full,compile,grad-clip-02,42,9363488,286,112459776,1.5219589525663093,1259002.1693709632,86.20129388198256,126.59875225496944,4d4149ce4745307837eaccc8866d480c7332127b,True,9a514c5fd40fd09abdf2bacbec2b3a065730090978f9a82eba55cd488360634c,55ac7082517c3878ae653c07c09c534b8aed49f6,2.9.1+cu128,12.8,/usr/local/cuda-13.0/bin/ptxas,NVIDIA B300,10.3
full/refinement-and-dp-sm103a-v1/dp-compile-probe,probe,compile,baseline,42,9363488,30,11796480,1.9191884439610314,2371780.133964592,3.3157879549544305,52.371615812997334,4d4149ce4745307837eaccc8866d480c7332127b,True,9a514c5fd40fd09abdf2bacbec2b3a065730090978f9a82eba55cd488360634c,55ac7082517c3878ae653c07c09c534b8aed49f6,2.9.1+cu128,12.8,/usr/local/cuda-13.0/bin/ptxas,NVIDIA B300,10.3
full/refinement-and-dp-sm103a-v1/dp-overlap-average-probe,probe,compile-dp-overlap-average,baseline,42,9363488,30,11796480,1.9191978870985678,2205077.4575033914,3.566459750989452,52.079468228970654,4d4149ce4745307837eaccc8866d480c7332127b,True,9a514c5fd40fd09abdf2bacbec2b3a065730090978f9a82eba55cd488360634c,55ac7082517c3878ae653c07c09c534b8aed49f6,2.9.1+cu128,12.8,/usr/local/cuda-13.0/bin/ptxas,NVIDIA B300,10.3
full/refinement-and-dp-sm103a-v1/dp-overlap-probe,probe,compile-dp-overlap,baseline,42,9363488,30,11796480,1.919189283270293,1951645.471053365,4.029584325966425,61.17174374102615,4d4149ce4745307837eaccc8866d480c7332127b,True,9a514c5fd40fd09abdf2bacbec2b3a065730090978f9a82eba55cd488360634c,55ac7082517c3878ae653c07c09c534b8aed49f6,2.9.1+cu128,12.8,/usr/local/cuda-13.0/bin/ptxas,NVIDIA B300,10.3
full/refinement-and-dp-sm103a-v1/max-baseline-s43,full,compile-max-autotune,baseline,43,9363488,286,112459776,1.5448325509134886,1638232.5174858992,66.24677195795812,166.99453928496223,4d4149ce4745307837eaccc8866d480c7332127b,True,9a514c5fd40fd09abdf2bacbec2b3a065730090978f9a82eba55cd488360634c,55ac7082517c3878ae653c07c09c534b8aed49f6,2.9.1+cu128,12.8,/usr/local/cuda-13.0/bin/ptxas,NVIDIA B300,10.3
full/refinement-and-dp-sm103a-v1/max-baseline-s44,full,compile-max-autotune,baseline,44,9363488,286,112459776,1.5478360244016474,1650574.9190873469,65.75140258402098,167.1204059049487,4d4149ce4745307837eaccc8866d480c7332127b,True,9a514c5fd40fd09abdf2bacbec2b3a065730090978f9a82eba55cd488360634c,55ac7082517c3878ae653c07c09c534b8aed49f6,2.9.1+cu128,12.8,/usr/local/cuda-13.0/bin/ptxas,NVIDIA B300,10.3
full/refinement-and-dp-sm103a-v1/max-clip01-s42,full,compile-max-autotune,grad-clip-01,42,9363488,286,112459776,1.5171077691949533,1436813.4537456161,75.53354662505444,203.25559744006023,4d4149ce4745307837eaccc8866d480c7332127b,True,9a514c5fd40fd09abdf2bacbec2b3a065730090978f9a82eba55cd488360634c,55ac7082517c3878ae653c07c09c534b8aed49f6,2.9.1+cu128,12.8,/usr/local/cuda-13.0/bin/ptxas,NVIDIA B300,10.3
full/refinement-and-dp-sm103a-v1/max-full-matrix-clip01-s42,full,compile-max-autotune,full-matrix-clip01,42,9363488,286,112459776,1.5205349781604447,1775031.872493088,61.14122100104578,155.25977864302695,4d4149ce4745307837eaccc8866d480c7332127b,True,9a514c5fd40fd09abdf2bacbec2b3a065730090978f9a82eba55cd488360634c,55ac7082517c3878ae653c07c09c534b8aed49f6,2.9.1+cu128,12.8,/usr/local/cuda-13.0/bin/ptxas,NVIDIA B300,10.3
full/refinement-and-dp-sm103a-v1/zloss1e4-s42,full,compile,z-loss-1e-4,42,9363488,286,112459776,1.543096564429408,1076282.6959855487,100.835604256019,142.84236955503002,4d4149ce4745307837eaccc8866d480c7332127b,True,9a514c5fd40fd09abdf2bacbec2b3a065730090978f9a82eba55cd488360634c,55ac7082517c3878ae653c07c09c534b8aed49f6,2.9.1+cu128,12.8,/usr/local/cuda-13.0/bin/ptxas,NVIDIA B300,10.3
full/refinement-and-dp-sm103a-v1/zloss5e6-s42,full,compile,z-loss-5e-6,42,9363488,286,112459776,1.5053375786545031,1007731.4758908398,107.69497489801142,149.05668798694387,4d4149ce4745307837eaccc8866d480c7332127b,True,9a514c5fd40fd09abdf2bacbec2b3a065730090978f9a82eba55cd488360634c,55ac7082517c3878ae653c07c09c534b8aed49f6,2.9.1+cu128,12.8,/usr/local/cuda-13.0/bin/ptxas,NVIDIA B300,10.3
full/three-seed-sm103a-v1/baseline-max-autotune-s42,full,compile-max-autotune,baseline,42,9363488,286,112459776,1.5442279091024818,1708839.0429440064,63.50956015905831,261.27270387497265,4d4149ce4745307837eaccc8866d480c7332127b,True,738f98397c7e51469d19ac415dd562f9681255c523a72f68a0975fc2adfdb0db,55ac7082517c3878ae653c07c09c534b8aed49f6,2.9.1+cu128,12.8,/usr/local/cuda-13.0/bin/ptxas,NVIDIA B300,10.3
full/three-seed-sm103a-v1/baseline-s42,full,compile,baseline,42,9363488,286,112459776,1.5432086307502058,1306636.8956347988,83.0587413860485,106.91312106500845,4d4149ce4745307837eaccc8866d480c7332127b,True,738f98397c7e51469d19ac415dd562f9681255c523a72f68a0975fc2adfdb0db,55ac7082517c3878ae653c07c09c534b8aed49f6,2.9.1+cu128,12.8,/usr/local/cuda-13.0/bin/ptxas,NVIDIA B300,10.3
full/three-seed-sm103a-v1/baseline-s43,full,compile,baseline,43,9363488,286,112459776,1.545341320668049,1311504.7415393959,82.7504564509727,106.51148519804701,4d4149ce4745307837eaccc8866d480c7332127b,True,738f98397c7e51469d19ac415dd562f9681255c523a72f68a0975fc2adfdb0db,55ac7082517c3878ae653c07c09c534b8aed49f6,2.9.1+cu128,12.8,/usr/local/cuda-13.0/bin/ptxas,NVIDIA B300,10.3
full/three-seed-sm103a-v1/baseline-s44,full,compile,baseline,44,9363488,286,112459776,1.5426879332586445,1352898.4406268436,80.21859789395239,102.34903976798523,4d4149ce4745307837eaccc8866d480c7332127b,True,738f98397c7e51469d19ac415dd562f9681255c523a72f68a0975fc2adfdb0db,55ac7082517c3878ae653c07c09c534b8aed49f6,2.9.1+cu128,12.8,/usr/local/cuda-13.0/bin/ptxas,NVIDIA B300,10.3
full/three-seed-sm103a-v1/cautious-adam-wd-s42,full,compile,cautious-adam-wd,42,9363488,286,112459776,1.5440089723908152,1244187.1947781278,87.22772301104851,112.1279088469455,4d4149ce4745307837eaccc8866d480c7332127b,True,738f98397c7e51469d19ac415dd562f9681255c523a72f68a0975fc2adfdb0db,55ac7082517c3878ae653c07c09c534b8aed49f6,2.9.1+cu128,12.8,/usr/local/cuda-13.0/bin/ptxas,NVIDIA B300,10.3
full/three-seed-sm103a-v1/full-matrix-clip01-s42,full,compile,full-matrix-clip01,42,9363488,286,112459776,1.520593914037762,1378695.3065542006,78.7176220039837,118.65861807693727,4d4149ce4745307837eaccc8866d480c7332127b,True,738f98397c7e51469d19ac415dd562f9681255c523a72f68a0975fc2adfdb0db,55ac7082517c3878ae653c07c09c534b8aed49f6,2.9.1+cu128,12.8,/usr/local/cuda-13.0/bin/ptxas,NVIDIA B300,10.3
full/three-seed-sm103a-v1/full-matrix-clip01-s43,full,compile,full-matrix-clip01,43,9363488,286,112459776,1.5217536115481611,1414847.2985454916,76.70623968506698,116.45693421503529,4d4149ce4745307837eaccc8866d480c7332127b,True,738f98397c7e51469d19ac415dd562f9681255c523a72f68a0975fc2adfdb0db,55ac7082517c3878ae653c07c09c534b8aed49f6,2.9.1+cu128,12.8,/usr/local/cuda-13.0/bin/ptxas,NVIDIA B300,10.3
full/three-seed-sm103a-v1/full-matrix-clip01-s44,full,compile,full-matrix-clip01,44,9363488,286,112459776,1.5068117698812935,1407043.5286618788,77.13166919804644,116.21767279494088,4d4149ce4745307837eaccc8866d480c7332127b,True,738f98397c7e51469d19ac415dd562f9681255c523a72f68a0975fc2adfdb0db,55ac7082517c3878ae653c07c09c534b8aed49f6,2.9.1+cu128,12.8,/usr/local/cuda-13.0/bin/ptxas,NVIDIA B300,10.3
full/three-seed-sm103a-v1/full-matrix-muon-s42,full,compile,full-matrix-muon,42,9363488,286,112459776,1.547294844912979,1614616.9751943336,67.21570358006284,89.29809079994448,4d4149ce4745307837eaccc8866d480c7332127b,True,738f98397c7e51469d19ac415dd562f9681255c523a72f68a0975fc2adfdb0db,55ac7082517c3878ae653c07c09c534b8aed49f6,2.9.1+cu128,12.8,/usr/local/cuda-13.0/bin/ptxas,NVIDIA B300,10.3
full/three-seed-sm103a-v1/full-matrix-muon-s43,full,compile,full-matrix-muon,43,9363488,286,112459776,1.5493014905133595,1612396.912622421,67.30825093400199,89.41367945901584,4d4149ce4745307837eaccc8866d480c7332127b,True,738f98397c7e51469d19ac415dd562f9681255c523a72f68a0975fc2adfdb0db,55ac7082517c3878ae653c07c09c534b8aed49f6,2.9.1+cu128,12.8,/usr/local/cuda-13.0/bin/ptxas,NVIDIA B300,10.3
full/three-seed-sm103a-v1/full-matrix-muon-s44,full,compile,full-matrix-muon,44,9363488,286,112459776,1.5591430761883096,1413094.2517663538,76.80139938602224,115.69640727899969,4d4149ce4745307837eaccc8866d480c7332127b,True,738f98397c7e51469d19ac415dd562f9681255c523a72f68a0975fc2adfdb0db,55ac7082517c3878ae653c07c09c534b8aed49f6,2.9.1+cu128,12.8,/usr/local/cuda-13.0/bin/ptxas,NVIDIA B300,10.3
full/three-seed-sm103a-v1/grad-clip01-s43,full,compile,grad-clip-01,43,9363488,286,112459776,1.5147101232028375,1056019.6847257076,102.7704479090171,128.86439671600237,4d4149ce4745307837eaccc8866d480c7332127b,True,738f98397c7e51469d19ac415dd562f9681255c523a72f68a0975fc2adfdb0db,55ac7082517c3878ae653c07c09c534b8aed49f6,2.9.1+cu128,12.8,/usr/local/cuda-13.0/bin/ptxas,NVIDIA B300,10.3
full/three-seed-sm103a-v1/grad-clip01-s44,full,compile,grad-clip-01,44,9363488,286,112459776,1.5037881736761638,1314423.9316112024,82.56667684600689,106.56178920099046,4d4149ce4745307837eaccc8866d480c7332127b,True,738f98397c7e51469d19ac415dd562f9681255c523a72f68a0975fc2adfdb0db,55ac7082517c3878ae653c07c09c534b8aed49f6,2.9.1+cu128,12.8,/usr/local/cuda-13.0/bin/ptxas,NVIDIA B300,10.3
full/three-seed-sm103a-v1/muonh-lr005-probe,probe,compile,muonh-lr005,42,9363488,30,11796480,1.9434796235673997,1247164.0518259667,6.305762251955457,30.051380189950578,4d4149ce4745307837eaccc8866d480c7332127b,True,738f98397c7e51469d19ac415dd562f9681255c523a72f68a0975fc2adfdb0db,55ac7082517c3878ae653c07c09c534b8aed49f6,2.9.1+cu128,12.8,/usr/local/cuda-13.0/bin/ptxas,NVIDIA B300,10.3
full/three-seed-sm103a-v1/muonh-tuned-aux-probe,probe,compile,muonh-tuned-aux,42,9363488,30,11796480,2.237220356566214,1231381.6998616687,6.386581838014536,30.19019092596136,4d4149ce4745307837eaccc8866d480c7332127b,True,738f98397c7e51469d19ac415dd562f9681255c523a72f68a0975fc2adfdb0db,55ac7082517c3878ae653c07c09c534b8aed49f6,2.9.1+cu128,12.8,/usr/local/cuda-13.0/bin/ptxas,NVIDIA B300,10.3
full/zloss-combination-sm103a-v1/max-full-matrix-zloss5e6-clip01-s42,full,compile-max-autotune,full-matrix-z-loss-5e-6-clip01,42,9363488,286,112459776,1.5077568608235903,1707582.0542692891,63.55631094193086,125.7181767920265,4d4149ce4745307837eaccc8866d480c7332127b,True,4a4cefd3cb105d149e7c2b47b96f1db06ad4bf0530668554dff429b8c9a53ae0,55ac7082517c3878ae653c07c09c534b8aed49f6,2.9.1+cu128,12.8,/usr/local/cuda-13.0/bin/ptxas,NVIDIA B300,10.3
full/zloss-combination-sm103a-v1/max-full-matrix-zloss5e6-clip01-s43,full,compile-max-autotune,full-matrix-z-loss-5e-6-clip01,43,9363488,286,112459776,1.521397791528076,1738238.6205852262,62.435395644046366,93.72490667901002,4d4149ce4745307837eaccc8866d480c7332127b,True,1234cb0f53a855f16a0469859742d223cd32c39b4bf1428813729fee0f12aaaa,55ac7082517c3878ae653c07c09c534b8aed49f6,2.9.1+cu128,12.8,/usr/local/cuda-13.0/bin/ptxas,NVIDIA B300,10.3
full/zloss-combination-sm103a-v1/max-full-matrix-zloss5e6-clip01-s44,full,compile-max-autotune,full-matrix-z-loss-5e-6-clip01,44,9363488,286,112459776,1.5070271471143764,1750505.4539549458,61.997873674030416,93.39859719201922,4d4149ce4745307837eaccc8866d480c7332127b,True,1234cb0f53a855f16a0469859742d223cd32c39b4bf1428813729fee0f12aaaa,55ac7082517c3878ae653c07c09c534b8aed49f6,2.9.1+cu128,12.8,/usr/local/cuda-13.0/bin/ptxas,NVIDIA B300,10.3
full/zloss-combination-sm103a-v1/max-zloss5e6-clip005-s42,full,compile-max-autotune,z-loss-5e-6-clip005,42,9363488,286,112459776,1.5046580460199621,1535387.5570110953,70.684183615027,252.95680801593699,4d4149ce4745307837eaccc8866d480c7332127b,True,4a4cefd3cb105d149e7c2b47b96f1db06ad4bf0530668554dff429b8c9a53ae0,55ac7082517c3878ae653c07c09c534b8aed49f6,2.9.1+cu128,12.8,/usr/local/cuda-13.0/bin/ptxas,NVIDIA B300,10.3
full/zloss-combination-sm103a-v1/max-zloss5e6-clip005-s43,full,compile-max-autotune,z-loss-5e-6-clip005,43,9363488,286,112459776,1.5169191398530224,1586462.716795897,68.4085512070451,251.490019435063,4d4149ce4745307837eaccc8866d480c7332127b,True,4a4cefd3cb105d149e7c2b47b96f1db06ad4bf0530668554dff429b8c9a53ae0,55ac7082517c3878ae653c07c09c534b8aed49f6,2.9.1+cu128,12.8,/usr/local/cuda-13.0/bin/ptxas,NVIDIA B300,10.3
full/zloss-combination-sm103a-v1/max-zloss5e6-clip005-s44,full,compile-max-autotune,z-loss-5e-6-clip005,44,9363488,286,112459776,1.5034072997737984,1463750.462531123,74.14352294197306,121.58478340797592,4d4149ce4745307837eaccc8866d480c7332127b,True,4a4cefd3cb105d149e7c2b47b96f1db06ad4bf0530668554dff429b8c9a53ae0,55ac7082517c3878ae653c07c09c534b8aed49f6,2.9.1+cu128,12.8,/usr/local/cuda-13.0/bin/ptxas,NVIDIA B300,10.3
full/zloss-combination-sm103a-v1/max-zloss5e6-clip01-s42,full,compile-max-autotune,z-loss-5e-6-clip01,42,9363488,286,112459776,1.5039128856883661,1560286.0876066424,69.55622873397078,250.6792482859455,4d4149ce4745307837eaccc8866d480c7332127b,True,4a4cefd3cb105d149e7c2b47b96f1db06ad4bf0530668554dff429b8c9a53ae0,55ac7082517c3878ae653c07c09c534b8aed49f6,2.9.1+cu128,12.8,/usr/local/cuda-13.0/bin/ptxas,NVIDIA B300,10.3
full/zloss-combination-sm103a-v1/max-zloss5e6-clip01-s43,full,compile-max-autotune,z-loss-5e-6-clip01,43,9363488,286,112459776,1.5141153309992073,1573927.6469599116,68.95337038498838,253.72531506000087,4d4149ce4745307837eaccc8866d480c7332127b,True,4a4cefd3cb105d149e7c2b47b96f1db06ad4bf0530668554dff429b8c9a53ae0,55ac7082517c3878ae653c07c09c534b8aed49f6,2.9.1+cu128,12.8,/usr/local/cuda-13.0/bin/ptxas,NVIDIA B300,10.3
full/zloss-combination-sm103a-v1/max-zloss5e6-clip01-s44,full,compile-max-autotune,z-loss-5e-6-clip01,44,9363488,286,112459776,1.503706395943172,1536437.3874712617,70.63588590396103,251.57754676102195,4d4149ce4745307837eaccc8866d480c7332127b,True,4a4cefd3cb105d149e7c2b47b96f1db06ad4bf0530668554dff429b8c9a53ae0,55ac7082517c3878ae653c07c09c534b8aed49f6,2.9.1+cu128,12.8,/usr/local/cuda-13.0/bin/ptxas,NVIDIA B300,10.3
full/zloss-combination-sm103a-v1/zloss1e5-s43,full,compile,z-loss-1e-5,43,9363488,286,112459776,1.5443552608845887,1281435.5040051725,84.69221873499919,122.38250029401388,4d4149ce4745307837eaccc8866d480c7332127b,True,4a4cefd3cb105d149e7c2b47b96f1db06ad4bf0530668554dff429b8c9a53ae0,55ac7082517c3878ae653c07c09c534b8aed49f6,2.9.1+cu128,12.8,/usr/local/cuda-13.0/bin/ptxas,NVIDIA B300,10.3
full/zloss-combination-sm103a-v1/zloss1e5-s44,full,compile,z-loss-1e-5,44,9363488,286,112459776,1.5244437479232678,1274281.3850260682,85.16770100803114,122.83108292997349,4d4149ce4745307837eaccc8866d480c7332127b,True,4a4cefd3cb105d149e7c2b47b96f1db06ad4bf0530668554dff429b8c9a53ae0,55ac7082517c3878ae653c07c09c534b8aed49f6,2.9.1+cu128,12.8,/usr/local/cuda-13.0/bin/ptxas,NVIDIA B300,10.3
full/zloss-combination-sm103a-v1/zloss2e5-s43,full,compile,z-loss-2e-5,43,9363488,286,112459776,1.5442675565440214,1287060.217510127,84.32209660706576,120.97153998399153,4d4149ce4745307837eaccc8866d480c7332127b,True,4a4cefd3cb105d149e7c2b47b96f1db06ad4bf0530668554dff429b8c9a53ae0,55ac7082517c3878ae653c07c09c534b8aed49f6,2.9.1+cu128,12.8,/usr/local/cuda-13.0/bin/ptxas,NVIDIA B300,10.3
full/zloss-combination-sm103a-v1/zloss2e5-s44,full,compile,z-loss-2e-5,44,9363488,286,112459776,1.5246227766698557,1273149.8617449305,85.24339456099551,122.93573140900116,4d4149ce4745307837eaccc8866d480c7332127b,True,4a4cefd3cb105d149e7c2b47b96f1db06ad4bf0530668554dff429b8c9a53ae0,55ac7082517c3878ae653c07c09c534b8aed49f6,2.9.1+cu128,12.8,/usr/local/cuda-13.0/bin/ptxas,NVIDIA B300,10.3
full/zloss-combination-sm103a-v1/zloss5e6-clip005-s43,full,compile,z-loss-5e-6-clip005,43,9363488,286,112459776,1.5162758018143274,1187278.0569785894,91.40876087290235,117.84689966205042,4d4149ce4745307837eaccc8866d480c7332127b,True,4a4cefd3cb105d149e7c2b47b96f1db06ad4bf0530668554dff429b8c9a53ae0,55ac7082517c3878ae653c07c09c534b8aed49f6,2.9.1+cu128,12.8,/usr/local/cuda-13.0/bin/ptxas,NVIDIA B300,10.3
full/zloss-combination-sm103a-v1/zloss5e6-clip005-s44,full,compile,z-loss-5e-6-clip005,44,9363488,286,112459776,1.503080007081223,1113624.9825230322,97.45436543109827,124.12784091592766,4d4149ce4745307837eaccc8866d480c7332127b,True,4a4cefd3cb105d149e7c2b47b96f1db06ad4bf0530668554dff429b8c9a53ae0,55ac7082517c3878ae653c07c09c534b8aed49f6,2.9.1+cu128,12.8,/usr/local/cuda-13.0/bin/ptxas,NVIDIA B300,10.3
full/zloss-combination-sm103a-v1/zloss5e6-clip01-s43,full,compile,z-loss-5e-6-clip01,43,9363488,286,112459776,1.51474215002793,1212848.196597275,89.4816155100707,115.76266029092949,4d4149ce4745307837eaccc8866d480c7332127b,True,4a4cefd3cb105d149e7c2b47b96f1db06ad4bf0530668554dff429b8c9a53ae0,55ac7082517c3878ae653c07c09c534b8aed49f6,2.9.1+cu128,12.8,/usr/local/cuda-13.0/bin/ptxas,NVIDIA B300,10.3
full/zloss-combination-sm103a-v1/zloss5e6-clip01-s44,full,compile,z-loss-5e-6-clip01,44,9363488,286,112459776,1.5034917275764625,1148068.7864266904,94.53058674104977,120.9872273739893,4d4149ce4745307837eaccc8866d480c7332127b,True,4a4cefd3cb105d149e7c2b47b96f1db06ad4bf0530668554dff429b8c9a53ae0,55ac7082517c3878ae653c07c09c534b8aed49f6,2.9.1+cu128,12.8,/usr/local/cuda-13.0/bin/ptxas,NVIDIA B300,10.3
full/zloss-validation-sm103a-v1/max-clip01-s43,full,compile-max-autotune,grad-clip-01,43,9363488,286,112459776,1.5143674166047896,1596138.5065451073,67.9938586500939,117.33512073603924,4d4149ce4745307837eaccc8866d480c7332127b,True,4a4cefd3cb105d149e7c2b47b96f1db06ad4bf0530668554dff429b8c9a53ae0,55ac7082517c3878ae653c07c09c534b8aed49f6,2.9.1+cu128,12.8,/usr/local/cuda-13.0/bin/ptxas,NVIDIA B300,10.3
full/zloss-validation-sm103a-v1/max-clip01-s44,full,compile-max-autotune,grad-clip-01,44,9363488,286,112459776,1.5036353796499429,1565176.042644759,69.33891974005383,118.56429678096902,4d4149ce4745307837eaccc8866d480c7332127b,True,4a4cefd3cb105d149e7c2b47b96f1db06ad4bf0530668554dff429b8c9a53ae0,55ac7082517c3878ae653c07c09c534b8aed49f6,2.9.1+cu128,12.8,/usr/local/cuda-13.0/bin/ptxas,NVIDIA B300,10.3
full/zloss-validation-sm103a-v1/max-full-matrix-clip01-s43,full,compile-max-autotune,full-matrix-clip01,43,9363488,286,112459776,1.5215060626873678,1783578.8212934213,60.84823093004525,92.6953943730332,4d4149ce4745307837eaccc8866d480c7332127b,True,4a4cefd3cb105d149e7c2b47b96f1db06ad4bf0530668554dff429b8c9a53ae0,55ac7082517c3878ae653c07c09c534b8aed49f6,2.9.1+cu128,12.8,/usr/local/cuda-13.0/bin/ptxas,NVIDIA B300,10.3
full/zloss-validation-sm103a-v1/max-full-matrix-clip01-s44,full,compile-max-autotune,full-matrix-clip01,44,9363488,286,112459776,1.5070659760273086,1776369.4574463177,61.09518239297904,94.09708540793508,4d4149ce4745307837eaccc8866d480c7332127b,True,4a4cefd3cb105d149e7c2b47b96f1db06ad4bf0530668554dff429b8c9a53ae0,55ac7082517c3878ae653c07c09c534b8aed49f6,2.9.1+cu128,12.8,/usr/local/cuda-13.0/bin/ptxas,NVIDIA B300,10.3
full/zloss-validation-sm103a-v1/max-zloss5e6-s42,full,compile-max-autotune,z-loss-5e-6,42,9363488,286,112459776,1.5063079100866383,1381454.3461104957,78.56040722993203,194.09422992705368,4d4149ce4745307837eaccc8866d480c7332127b,True,4a4cefd3cb105d149e7c2b47b96f1db06ad4bf0530668554dff429b8c9a53ae0,55ac7082517c3878ae653c07c09c534b8aed49f6,2.9.1+cu128,12.8,/usr/local/cuda-13.0/bin/ptxas,NVIDIA B300,10.3
full/zloss-validation-sm103a-v1/max-zloss5e6-s43,full,compile-max-autotune,z-loss-5e-6,43,9363488,286,112459776,1.5452358395340984,1422237.8236311262,76.3076429249486,188.18520216504112,4d4149ce4745307837eaccc8866d480c7332127b,True,4a4cefd3cb105d149e7c2b47b96f1db06ad4bf0530668554dff429b8c9a53ae0,55ac7082517c3878ae653c07c09c534b8aed49f6,2.9.1+cu128,12.8,/usr/local/cuda-13.0/bin/ptxas,NVIDIA B300,10.3
full/zloss-validation-sm103a-v1/max-zloss5e6-s44,full,compile-max-autotune,z-loss-5e-6,44,9363488,286,112459776,1.5467244425595394,1609812.8958849227,67.41629184200428,158.3716875729151,4d4149ce4745307837eaccc8866d480c7332127b,True,4a4cefd3cb105d149e7c2b47b96f1db06ad4bf0530668554dff429b8c9a53ae0,55ac7082517c3878ae653c07c09c534b8aed49f6,2.9.1+cu128,12.8,/usr/local/cuda-13.0/bin/ptxas,NVIDIA B300,10.3
full/zloss-validation-sm103a-v1/zloss1e5-s42,full,compile,z-loss-1e-5,42,9363488,286,112459776,1.505306169209611,1283757.1518701734,84.53905463498086,124.9693988810759,4d4149ce4745307837eaccc8866d480c7332127b,True,4a4cefd3cb105d149e7c2b47b96f1db06ad4bf0530668554dff429b8c9a53ae0,55ac7082517c3878ae653c07c09c534b8aed49f6,2.9.1+cu128,12.8,/usr/local/cuda-13.0/bin/ptxas,NVIDIA B300,10.3
full/zloss-validation-sm103a-v1/zloss1e6-s42,full,compile,z-loss-1e-6,42,9363488,286,112459776,1.5433506560662398,1327613.4319545391,81.74639800097793,129.95740357704926,4d4149ce4745307837eaccc8866d480c7332127b,True,4a4cefd3cb105d149e7c2b47b96f1db06ad4bf0530668554dff429b8c9a53ae0,55ac7082517c3878ae653c07c09c534b8aed49f6,2.9.1+cu128,12.8,/usr/local/cuda-13.0/bin/ptxas,NVIDIA B300,10.3
full/zloss-validation-sm103a-v1/zloss2e5-s42,full,compile,z-loss-2e-5,42,9363488,286,112459776,1.5051616725551697,1069164.0320116181,101.50698372803163,144.0675067419652,4d4149ce4745307837eaccc8866d480c7332127b,True,4a4cefd3cb105d149e7c2b47b96f1db06ad4bf0530668554dff429b8c9a53ae0,55ac7082517c3878ae653c07c09c534b8aed49f6,2.9.1+cu128,12.8,/usr/local/cuda-13.0/bin/ptxas,NVIDIA B300,10.3
full/zloss-validation-sm103a-v1/zloss2e6-s42,full,compile,z-loss-2e-6,42,9363488,286,112459776,1.5430493036418456,1309567.2847286153,82.87288271903526,131.1670785980532,4d4149ce4745307837eaccc8866d480c7332127b,True,4a4cefd3cb105d149e7c2b47b96f1db06ad4bf0530668554dff429b8c9a53ae0,55ac7082517c3878ae653c07c09c534b8aed49f6,2.9.1+cu128,12.8,/usr/local/cuda-13.0/bin/ptxas,NVIDIA B300,10.3
full/zloss-validation-sm103a-v1/zloss5e6-clip005-s42,full,compile,z-loss-5e-6-clip005,42,9363488,286,112459776,1.5048129836096262,1057929.9617655324,102.58487794303801,129.14277624199167,4d4149ce4745307837eaccc8866d480c7332127b,True,4a4cefd3cb105d149e7c2b47b96f1db06ad4bf0530668554dff429b8c9a53ae0,55ac7082517c3878ae653c07c09c534b8aed49f6,2.9.1+cu128,12.8,/usr/local/cuda-13.0/bin/ptxas,NVIDIA B300,10.3
full/zloss-validation-sm103a-v1/zloss5e6-clip01-s42,full,compile,z-loss-5e-6-clip01,42,9363488,286,112459776,1.5042227645029067,1039126.096676681,104.4412380240392,131.3149665390374,4d4149ce4745307837eaccc8866d480c7332127b,True,4a4cefd3cb105d149e7c2b47b96f1db06ad4bf0530668554dff429b8c9a53ae0,55ac7082517c3878ae653c07c09c534b8aed49f6,2.9.1+cu128,12.8,/usr/local/cuda-13.0/bin/ptxas,NVIDIA B300,10.3
full/zloss-validation-sm103a-v1/zloss5e6-s43,full,compile,z-loss-5e-6,43,9363488,286,112459776,1.544770394238188,1301711.2737172851,83.37303224706557,131.7341959370533,4d4149ce4745307837eaccc8866d480c7332127b,True,4a4cefd3cb105d149e7c2b47b96f1db06ad4bf0530668554dff429b8c9a53ae0,55ac7082517c3878ae653c07c09c534b8aed49f6,2.9.1+cu128,12.8,/usr/local/cuda-13.0/bin/ptxas,NVIDIA B300,10.3
full/zloss-validation-sm103a-v1/zloss5e6-s44,full,compile,z-loss-5e-6,44,9363488,286,112459776,1.5488488120825927,1279690.343361385,84.80771661910694,133.3790447320789,4d4149ce4745307837eaccc8866d480c7332127b,True,4a4cefd3cb105d149e7c2b47b96f1db06ad4bf0530668554dff429b8c9a53ae0,55ac7082517c3878ae653c07c09c534b8aed49f6,2.9.1+cu128,12.8,/usr/local/cuda-13.0/bin/ptxas,NVIDIA B300,10.3
probes/backend-factorial-sm103a-v1/compile,probe,compile,,42,9363488,30,11796480,1.9210921778963923,1258824.776736924,6.247350819059648,113.36838591098785,4d4149ce4745307837eaccc8866d480c7332127b,True,40f9e959368670cd8e585be723d28bced397d0adf7aa9a19e4ef18cf418ff897,55ac7082517c3878ae653c07c09c534b8aed49f6,2.9.1+cu128,12.8,/usr/local/cuda-13.0/bin/ptxas,NVIDIA B300,10.3
probes/backend-factorial-sm103a-v1/legacy,probe,legacy,,42,9363488,30,11796480,1.9026543557143194,779733.9309868632,10.085901982034557,106.18429695791565,4d4149ce4745307837eaccc8866d480c7332127b,True,40f9e959368670cd8e585be723d28bced397d0adf7aa9a19e4ef18cf418ff897,55ac7082517c3878ae653c07c09c534b8aed49f6,2.9.1+cu128,12.8,/usr/local/cuda-13.0/bin/ptxas,NVIDIA B300,10.3
probes/backend-factorial-sm103a-v1/native-master,probe,native-master,,42,9363488,30,11796480,1.9158765632931876,702785.7807459316,11.19020932901185,112.55565346905496,4d4149ce4745307837eaccc8866d480c7332127b,True,40f9e959368670cd8e585be723d28bced397d0adf7aa9a19e4ef18cf418ff897,55ac7082517c3878ae653c07c09c534b8aed49f6,2.9.1+cu128,12.8,/usr/local/cuda-13.0/bin/ptxas,NVIDIA B300,10.3
probes/backend-factorial-sm103a-v1/speedrun,probe,speedrun,,42,9363488,30,11796480,1.9261759966706113,1107184.0947506393,7.102992209955119,124.0775271760067,4d4149ce4745307837eaccc8866d480c7332127b,True,40f9e959368670cd8e585be723d28bced397d0adf7aa9a19e4ef18cf418ff897,55ac7082517c3878ae653c07c09c534b8aed49f6,2.9.1+cu128,12.8,/usr/local/cuda-13.0/bin/ptxas,NVIDIA B300,10.3
probes/recipe-screen-sm103a-wave1/adamh,probe,compile,adamh,42,9363488,30,11796480,1.9692615806821605,1158612.2141688245,6.787706795963459,79.29453358997125,4d4149ce4745307837eaccc8866d480c7332127b,True,2e4c46ea6299bd8dfb7c47c6c7be23ac489e17be63c98650456c0ca60893c387,55ac7082517c3878ae653c07c09c534b8aed49f6,2.9.1+cu128,12.8,/usr/local/cuda-13.0/bin/ptxas,NVIDIA B300,10.3
probes/recipe-screen-sm103a-wave1/baseline,probe,compile,baseline,42,9363488,30,11796480,1.9210213263994482,1279190.6664289467,6.147887259023264,61.95676159893628,4d4149ce4745307837eaccc8866d480c7332127b,True,2e4c46ea6299bd8dfb7c47c6c7be23ac489e17be63c98650456c0ca60893c387,55ac7082517c3878ae653c07c09c534b8aed49f6,2.9.1+cu128,12.8,/usr/local/cuda-13.0/bin/ptxas,NVIDIA B300,10.3
probes/recipe-screen-sm103a-wave1/bf16-loss,probe,compile,bf16-loss,42,9363488,30,11796480,1.8946586150587228,1020017.6411477884,7.709984301007353,91.22201210900676,4d4149ce4745307837eaccc8866d480c7332127b,True,2e4c46ea6299bd8dfb7c47c6c7be23ac489e17be63c98650456c0ca60893c387,55ac7082517c3878ae653c07c09c534b8aed49f6,2.9.1+cu128,12.8,/usr/local/cuda-13.0/bin/ptxas,NVIDIA B300,10.3
probes/recipe-screen-sm103a-wave1/cached-attention,probe,compile,cached-attention,42,9363488,30,11796480,1.9212311974978298,1051963.3771935073,7.475849607028067,91.72529189300258,4d4149ce4745307837eaccc8866d480c7332127b,True,2e4c46ea6299bd8dfb7c47c6c7be23ac489e17be63c98650456c0ca60893c387,55ac7082517c3878ae653c07c09c534b8aed49f6,2.9.1+cu128,12.8,/usr/local/cuda-13.0/bin/ptxas,NVIDIA B300,10.3
probes/recipe-screen-sm103a-wave1/embed-std1,probe,compile,embed-std1,42,9363488,30,11796480,1.9236921155695137,1212336.0997534948,6.486913984990679,63.156380127999,4d4149ce4745307837eaccc8866d480c7332127b,True,2e4c46ea6299bd8dfb7c47c6c7be23ac489e17be63c98650456c0ca60893c387,55ac7082517c3878ae653c07c09c534b8aed49f6,2.9.1+cu128,12.8,/usr/local/cuda-13.0/bin/ptxas,NVIDIA B300,10.3
probes/recipe-screen-sm103a-wave1/grad-clip-01,probe,compile,grad-clip-01,42,9363488,30,11796480,1.892922120250807,1271391.0211216193,6.185602910001762,79.74890435603447,4d4149ce4745307837eaccc8866d480c7332127b,True,2e4c46ea6299bd8dfb7c47c6c7be23ac489e17be63c98650456c0ca60893c387,55ac7082517c3878ae653c07c09c534b8aed49f6,2.9.1+cu128,12.8,/usr/local/cuda-13.0/bin/ptxas,NVIDIA B300,10.3
probes/recipe-screen-sm103a-wave1/grad-clip-03,probe,compile,grad-clip-03,42,9363488,30,11796480,1.896800374830932,1270304.9435635607,6.190891438978724,79.638883215026,4d4149ce4745307837eaccc8866d480c7332127b,True,2e4c46ea6299bd8dfb7c47c6c7be23ac489e17be63c98650456c0ca60893c387,55ac7082517c3878ae653c07c09c534b8aed49f6,2.9.1+cu128,12.8,/usr/local/cuda-13.0/bin/ptxas,NVIDIA B300,10.3
probes/recipe-screen-sm103a-wave1/midpoint-kv,probe,compile,midpoint-kv,42,9363488,30,11796480,1.9214363397910459,998463.991042545,7.8764182489831,91.5390855850419,4d4149ce4745307837eaccc8866d480c7332127b,True,2e4c46ea6299bd8dfb7c47c6c7be23ac489e17be63c98650456c0ca60893c387,55ac7082517c3878ae653c07c09c534b8aed49f6,2.9.1+cu128,12.8,/usr/local/cuda-13.0/bin/ptxas,NVIDIA B300,10.3
probes/recipe-screen-sm103a-wave1/muoneqh-half,probe,compile,muoneqh-half,42,9363488,30,11796480,1.9511970523792084,1275877.2582636743,6.163853105041198,79.39571262197569,4d4149ce4745307837eaccc8866d480c7332127b,True,2e4c46ea6299bd8dfb7c47c6c7be23ac489e17be63c98650456c0ca60893c387,55ac7082517c3878ae653c07c09c534b8aed49f6,2.9.1+cu128,12.8,/usr/local/cuda-13.0/bin/ptxas,NVIDIA B300,10.3
probes/recipe-screen-sm103a-wave1/muoneqh-quarter,probe,compile,muoneqh-quarter,42,9363488,30,11796480,1.950835784387817,1309126.633382589,6.007302731042728,80.5253896440845,4d4149ce4745307837eaccc8866d480c7332127b,True,2e4c46ea6299bd8dfb7c47c6c7be23ac489e17be63c98650456c0ca60893c387,55ac7082517c3878ae653c07c09c534b8aed49f6,2.9.1+cu128,12.8,/usr/local/cuda-13.0/bin/ptxas,NVIDIA B300,10.3
probes/recipe-screen-sm103a-wave1/muonh,probe,compile,muonh,42,9363488,30,11796480,1.949949664463222,1015773.7421927257,7.742196587030776,91.32121492002625,4d4149ce4745307837eaccc8866d480c7332127b,True,2e4c46ea6299bd8dfb7c47c6c7be23ac489e17be63c98650456c0ca60893c387,55ac7082517c3878ae653c07c09c534b8aed49f6,2.9.1+cu128,12.8,/usr/local/cuda-13.0/bin/ptxas,NVIDIA B300,10.3
probes/recipe-screen-sm103a-wave1/partial-rope,probe,compile,partial-rope,42,9363488,30,11796480,1.9209450366250969,1277392.2301606345,6.156542849028483,62.45984997006599,4d4149ce4745307837eaccc8866d480c7332127b,True,2e4c46ea6299bd8dfb7c47c6c7be23ac489e17be63c98650456c0ca60893c387,55ac7082517c3878ae653c07c09c534b8aed49f6,2.9.1+cu128,12.8,/usr/local/cuda-13.0/bin/ptxas,NVIDIA B300,10.3
probes/recipe-screen-sm103a-wave1/pko,probe,compile,pko,42,9363488,30,11796480,1.9210469261694227,1248424.0539819214,6.2993980089668185,61.57378852402326,4d4149ce4745307837eaccc8866d480c7332127b,True,2e4c46ea6299bd8dfb7c47c6c7be23ac489e17be63c98650456c0ca60893c387,55ac7082517c3878ae653c07c09c534b8aed49f6,2.9.1+cu128,12.8,/usr/local/cuda-13.0/bin/ptxas,NVIDIA B300,10.3
probes/recipe-screen-sm103a-wave1/pko-last,probe,compile,pko-last,42,9363488,30,11796480,1.9208210074269139,1262561.1843609705,6.228862487943843,62.907022327999584,4d4149ce4745307837eaccc8866d480c7332127b,True,2e4c46ea6299bd8dfb7c47c6c7be23ac489e17be63c98650456c0ca60893c387,55ac7082517c3878ae653c07c09c534b8aed49f6,2.9.1+cu128,12.8,/usr/local/cuda-13.0/bin/ptxas,NVIDIA B300,10.3
probes/recipe-screen-sm103a-wave1/qk-gain,probe,compile,qk-gain,42,9363523,30,11796480,1.9210804507019297,1027491.653172826,7.653901592013426,91.33557897491846,4d4149ce4745307837eaccc8866d480c7332127b,True,2e4c46ea6299bd8dfb7c47c6c7be23ac489e17be63c98650456c0ca60893c387,55ac7082517c3878ae653c07c09c534b8aed49f6,2.9.1+cu128,12.8,/usr/local/cuda-13.0/bin/ptxas,NVIDIA B300,10.3
probes/recipe-screen-sm103a-wave2/adam-every-2,probe,compile,adam-every-2,42,9363488,30,11796480,2.0742474333330665,1220123.2138745748,6.445512969978154,40.244139262940735,4d4149ce4745307837eaccc8866d480c7332127b,True,8214767c1e7b6fedf8b6cf64301fee91d65584d2af2b24ac8492d427ab999bc6,55ac7082517c3878ae653c07c09c534b8aed49f6,2.9.1+cu128,12.8,/usr/local/cuda-13.0/bin/ptxas,NVIDIA B300,10.3
probes/recipe-screen-sm103a-wave2/asymmetric-logits,probe,compile,asymmetric-logits,42,9363488,30,11796480,2.0110803229397916,1257220.467375915,6.255322915967554,49.73064448998775,4d4149ce4745307837eaccc8866d480c7332127b,True,8214767c1e7b6fedf8b6cf64301fee91d65584d2af2b24ac8492d427ab999bc6,55ac7082517c3878ae653c07c09c534b8aed49f6,2.9.1+cu128,12.8,/usr/local/cuda-13.0/bin/ptxas,NVIDIA B300,10.3
probes/recipe-screen-sm103a-wave2/cautious-adam-wd,probe,compile,cautious-adam-wd,42,9363488,30,11796480,1.9211486672759186,949945.3383466409,8.278707924066111,36.9047656559851,4d4149ce4745307837eaccc8866d480c7332127b,True,8214767c1e7b6fedf8b6cf64301fee91d65584d2af2b24ac8492d427ab999bc6,55ac7082517c3878ae653c07c09c534b8aed49f6,2.9.1+cu128,12.8,/usr/local/cuda-13.0/bin/ptxas,NVIDIA B300,10.3
probes/recipe-screen-sm103a-wave2/compile-max-autotune,probe,compile-max-autotune,baseline,42,9363488,30,11796480,1.9210800659753082,1370947.3859517518,5.736412703059614,232.34825870895293,4d4149ce4745307837eaccc8866d480c7332127b,True,8214767c1e7b6fedf8b6cf64301fee91d65584d2af2b24ac8492d427ab999bc6,55ac7082517c3878ae653c07c09c534b8aed49f6,2.9.1+cu128,12.8,/usr/local/cuda-13.0/bin/ptxas,NVIDIA B300,10.3
probes/recipe-screen-sm103a-wave2/compile-reduce-overhead,probe,compile-reduce-overhead,baseline,42,9363488,30,11796480,1.9211122697140597,1314224.5448943025,5.984000246040523,55.9632137020817,4d4149ce4745307837eaccc8866d480c7332127b,True,8214767c1e7b6fedf8b6cf64301fee91d65584d2af2b24ac8492d427ab999bc6,55ac7082517c3878ae653c07c09c534b8aed49f6,2.9.1+cu128,12.8,/usr/local/cuda-13.0/bin/ptxas,NVIDIA B300,10.3
probes/recipe-screen-sm103a-wave2/full-matrix-muon,probe,compile,full-matrix-muon,42,9363488,30,11796480,1.920800956202449,1520947.4742466293,5.170671659056097,43.65800621290691,4d4149ce4745307837eaccc8866d480c7332127b,True,8214767c1e7b6fedf8b6cf64301fee91d65584d2af2b24ac8492d427ab999bc6,55ac7082517c3878ae653c07c09c534b8aed49f6,2.9.1+cu128,12.8,/usr/local/cuda-13.0/bin/ptxas,NVIDIA B300,10.3
probes/recipe-screen-sm103a-wave2/grad-clip-01-full,full,compile,grad-clip-01,42,9363488,286,112459776,1.5172046439640898,1008730.0570802517,107.58836344594602,137.32065563998185,4d4149ce4745307837eaccc8866d480c7332127b,True,8214767c1e7b6fedf8b6cf64301fee91d65584d2af2b24ac8492d427ab999bc6,55ac7082517c3878ae653c07c09c534b8aed49f6,2.9.1+cu128,12.8,/usr/local/cuda-13.0/bin/ptxas,NVIDIA B300,10.3
probes/recipe-screen-sm103a-wave2/grad-clip-03-full,full,compile,grad-clip-03,42,9363488,286,112459776,1.5245845996716392,1068942.3858296787,101.52803129400127,132.6510012660874,4d4149ce4745307837eaccc8866d480c7332127b,True,8214767c1e7b6fedf8b6cf64301fee91d65584d2af2b24ac8492d427ab999bc6,55ac7082517c3878ae653c07c09c534b8aed49f6,2.9.1+cu128,12.8,/usr/local/cuda-13.0/bin/ptxas,NVIDIA B300,10.3
probes/recipe-screen-sm103a-wave2/marin-compound,probe,compile,marin-compound,42,9363488,30,11796480,1.9291059843447398,1260367.132747063,6.239705714047886,52.20692783896811,4d4149ce4745307837eaccc8866d480c7332127b,True,8214767c1e7b6fedf8b6cf64301fee91d65584d2af2b24ac8492d427ab999bc6,55ac7082517c3878ae653c07c09c534b8aed49f6,2.9.1+cu128,12.8,/usr/local/cuda-13.0/bin/ptxas,NVIDIA B300,10.3
probes/recipe-screen-sm103a-wave2/muonh-lr01,probe,compile,muonh-lr01,42,9363488,30,11796480,1.9446482643056073,1118846.635018702,7.028952631982975,39.25196689006407,4d4149ce4745307837eaccc8866d480c7332127b,True,8214767c1e7b6fedf8b6cf64301fee91d65584d2af2b24ac8492d427ab999bc6,55ac7082517c3878ae653c07c09c534b8aed49f6,2.9.1+cu128,12.8,/usr/local/cuda-13.0/bin/ptxas,NVIDIA B300,10.3
probes/recipe-screen-sm103a-wave2/muonh-lr03,probe,compile,muonh-lr03,42,9363488,30,11796480,1.9543060651647128,1223888.3743712192,6.425684044952504,38.33422453596722,4d4149ce4745307837eaccc8866d480c7332127b,True,8214767c1e7b6fedf8b6cf64301fee91d65584d2af2b24ac8492d427ab999bc6,55ac7082517c3878ae653c07c09c534b8aed49f6,2.9.1+cu128,12.8,/usr/local/cuda-13.0/bin/ptxas,NVIDIA B300,10.3
probes/recipe-screen-sm103a-wave2/muonh-lr05,probe,compile,muonh-lr05,42,9363488,30,11796480,1.963544519459313,1117530.0934991809,7.037233310984448,39.46482674393337,4d4149ce4745307837eaccc8866d480c7332127b,True,8214767c1e7b6fedf8b6cf64301fee91d65584d2af2b24ac8492d427ab999bc6,55ac7082517c3878ae653c07c09c534b8aed49f6,2.9.1+cu128,12.8,/usr/local/cuda-13.0/bin/ptxas,NVIDIA B300,10.3
probes/recipe-screen-sm103a-wave2/partial-rope-25,probe,compile,partial-rope-25,42,9363488,30,11796480,1.920859143226059,1245867.1291187657,6.312326424056664,50.78588399698492,4d4149ce4745307837eaccc8866d480c7332127b,True,8214767c1e7b6fedf8b6cf64301fee91d65584d2af2b24ac8492d427ab999bc6,55ac7082517c3878ae653c07c09c534b8aed49f6,2.9.1+cu128,12.8,/usr/local/cuda-13.0/bin/ptxas,NVIDIA B300,10.3
probes/recipe-screen-sm103a-wave2/partial-rope-full,full,compile,partial-rope,42,9363488,286,112459776,1.5673971301738057,1313170.7429766986,82.64547209907323,126.44327146699652,4d4149ce4745307837eaccc8866d480c7332127b,True,8214767c1e7b6fedf8b6cf64301fee91d65584d2af2b24ac8492d427ab999bc6,55ac7082517c3878ae653c07c09c534b8aed49f6,2.9.1+cu128,12.8,/usr/local/cuda-13.0/bin/ptxas,NVIDIA B300,10.3
probes/recipe-screen-sm103a-wave2/pko-last-full,full,compile,pko-last,42,9363488,286,112459776,1.5533426092632867,1366369.0353538764,79.42774842807557,124.19680012506433,4d4149ce4745307837eaccc8866d480c7332127b,True,8214767c1e7b6fedf8b6cf64301fee91d65584d2af2b24ac8492d427ab999bc6,55ac7082517c3878ae653c07c09c534b8aed49f6,2.9.1+cu128,12.8,/usr/local/cuda-13.0/bin/ptxas,NVIDIA B300,10.3
